query_index,query_cut
5238,audio-1497620206-headset-5238
912,audio-1501759174-headset-912
204,audio-1490110043-headset-204
6074,audio-1488987594-6074
2253,audio-1501764096-headset-2253
2006,audio-1501686380-2006
1828,audio-1490107760-headset-1828
1143,audio-1500979810-headset-1143
6033,audio-1498566673-6033
839,audio-1498564952-headset-839
5543,audio-1501759114-headset-5543
6067,audio-1501765123-6067
7308,audio-1502896185-headset-7308
4467,audio-1490956936-4467
712,audio-1490107637-712
4837,audio-1498646103-headset-4837
3456,audio-1490183720-3456
260,audio-1497024953-headset-260
244,audio-1502375995-headset-244
767,audio-1501690511-767
1791,audio-1492780293-1791
1905,audio-1497025201-1905
4139,audio-1501774733-4139
4931,audio-1490368192-headset-4931
217,audio-1490199230-headset-217
4597,audio-1499689263-4597
1628,audio-1490368078-1628
5865,audio-1501758169-5865
5323,audio-1497268214-headset-5323
5745,audio-1502113407-headset-5745
4464,audio-1498572744-headset-4464
3436,audio-1492785294-headset-3436
1805,audio-1502375028-1805
3679,audio-1495368996-3679
4827,audio-1497880047-4827
2278,audio-1497558578-2278
6630,audio-1500388626-6630
7121,audio-1501752980-7121
53,audio-1497029499-53
6216,audio-1501685813-headset-6216
6601,audio-1498563582-6601
1307,audio--1504190669-1307
5719,audio-1490006625-headset-5719
3462,audio-1500040699-3462
2787,audio--1504195083-2787
2276,audio-1490800754-2276
1273,audio--1505407637-1273
1763,audio-1490108170-headset-1763
7841,audio-1501156381-7841
6254,audio-1501778342-headset-6254
2757,audio-1501756857-headset-2757
837,audio-1501697662-headset-837
759,audio-1497437606-759
3112,audio-1497869911-headset-3112
792,audio-1501157449-792
2940,audio-1498565920-2940
6942,audio-1490799816-headset-6942
2817,audio-1502100921-2817
4945,audio-1502195540-headset-4945
2166,audio-1502199660-2166
6611,audio-1488563258-6611
355,audio-1502376967-355
5977,audio-1501754549-headset-5977
3763,audio-1502099647-headset-3763
4392,audio-1498572890-headset-4392
1022,audio-1498574367-headset-1022
7555,audio-1500980485-headset-7555
3100,audio--1504194489-3100
645,audio-1501756040-645
4522,audio-1494548725-headset-4522
2401,audio-1498571337-headset-2401
6794,audio-1502896451-6794
5149,audio--1504194437-5149
5066,audio-1490367480-headset-5066
7253,audio-1501687141-7253
7059,audio-1498646783-headset-7059
2962,audio-1492786192-headset-2962
4729,audio-1502375883-headset-4729
1575,audio-1488639471-1575
5771,audio-1490354666-headset-5771
569,audio-1490105136-headset-569
375,audio-1501687501-375
5417,audio-1496265900-5417
1866,audio-1501155969-1866
6332,audio-1497884652-headset-6332
2370,audio-1502300544-2370
653,audio--1504194834-653
7006,audio-1434532356-headset-7006
1907,audio-1502216069-1907
7098,audio-1498572883-7098
827,audio-1490955368-827
3113,audio-1497869911-3113
2277,audio-1497558578-headset-2277
3714,audio-1490703680-headset-3714
5207,audio-1501751673-headset-5207
6833,audio-1497866835-headset-6833
2988,audio-1434533562-headset-2988
1332,audio-1501773531-headset-1332
3032,audio-1501758369-3032
2910,audio-1497881269-2910
1716,audio-1495369698-headset-1716
5490,audio--1504192283-5490
2187,audio-1501152237-2187
5749,audio-1497880264-headset-5749
7673,audio-1501690079-7673
5599,audio-1502199464-5599
5308,audio-1497555987-headset-5308
584,audio-1497622747-headset-584
4990,audio-1502216417-4990
5201,audio-1490204271-5201
1401,audio-1502101455-1401
4375,audio-1490287353-4375
5973,audio-1501415066-5973
2005,audio-1501686380-headset-2005
1338,audio-1490022261-headset-1338
3786,audio-1501151476-3786
3108,audio-1490193965-headset-3108
2211,audio--1504190292-2211
7580,audio-1497881730-7580
5242,audio-1501685644-headset-5242
5637,audio-1490261991-5637
4562,audio-1498578307-4562
1799,audio-1502894264-1799
5608,audio-1501690636-5608
2656,audio-1498566352-2656
6904,audio-1490192442-6904
6294,audio-1501778831-headset-6294
6356,audio-1490021989-headset-6356
458,audio-1502113182-headset-458
1876,audio-1501755850-1876
6732,audio--1504194431-headset-6732
262,audio-1495732478-headset-262
6594,audio-1490261641-6594
2584,audio-1501150880-headset-2584
3286,audio-1488972176-3286
2193,audio-1492785833-2193
542,audio-1497867453-headset-542
1728,audio-1495733082-headset-1728
7480,audio-1498483743-headset-7480
7724,audio-1501688548-headset-7724
4646,audio-1490108553-headset-4646
7179,audio-1498576222-7179
5881,audio-1492783782-5881
2577,audio-1490108335-2577
1741,audio-1498483103-1741
5369,audio-1502461827-5369
4089,audio-1501753485-headset-4089
3241,audio--1506520473-3241
7247,audio--1504195090-7247
7491,audio-1502100559-headset-7491
5266,audio--1504190990-headset-5266
3758,audio-1499266587-3758
1170,audio-1501694838-1170
2169,audio-1502198962-headset-2169
7953,audio-1497881158-headset-7953
2020,audio--1504191116-2020
6102,audio-1434528443-headset-6102
4598,audio-1500036291-4598
4415,audio-1490292188-4415
2152,audio-1494422721-headset-2152
6119,audio-1501754637-headset-6119
4788,audio-1501772415-headset-4788
3509,audio-1501609112-3509
7354,audio-1490967291-7354
4780,audio-1498484871-headset-4780
3271,audio-1497869722-headset-3271
2965,audio--1504191411-2965
1796,audio-1501689893-headset-1796
1133,audio-1501608859-1133
4174,audio-1501691300-4174
4042,audio-1501692198-headset-4042
744,audio--1504192922-headset-744
6191,audio-1490802404-6191
385,audio-1501685960-headset-385
7054,audio-1497869161-7054
898,audio-1488638972-898
1252,audio-1502200837-1252
5140,audio-1434536702-5140
1310,audio-1497555900-headset-1310
6488,audio--1504198591-6488
5574,audio-1498566267-5574
3458,audio-1488985555-3458
4885,audio--1504192439-headset-4885
520,audio-1497557726-headset-520
3152,audio-1501758444-3152
3126,audio-1497024879-3126
4881,audio-1488971403-4881
3834,audio-1434528864-headset-3834
4334,audio-1501768799-4334
2059,audio-1490955772-headset-2059
4532,audio-1497270428-4532
7051,audio-1495369422-headset-7051
7720,audio-1497886996-headset-7720
94,audio-1502216490-94
5572,audio-1490371121-5572
5904,audio-1498572707-headset-5904
938,audio-1497885924-headset-938
5584,audio-1497887735-headset-5584
7248,audio-1489153382-7248
4398,audio-1498757351-4398
6151,audio-1499695090-6151
2185,audio-1499689603-2185
6296,audio-1497880354-6296
5250,audio-1501687247-headset-5250
2786,audio--1504195083-headset-2786
913,audio-1489153870-913
2404,audio-1501692631-2404
3561,audio-1490019447-headset-3561
1295,audio-1497886441-1295
3716,audio-1490020980-headset-3716
26,audio-1490106147-26
5915,audio-1501697509-5915
7174,audio-1490108164-7174
5895,audio-1501694617-headset-5895
2157,audio-1499689440-headset-2157
4100,audio-1494422179-headset-4100
6241,audio-1500899495-headset-6241
1463,audio--1504195334-headset-1463
4158,audio-1492783844-4158
7476,audio-1502195881-headset-7476
871,audio-1499694714-871
7131,audio-1490359299-7131
5122,audio-1501151429-headset-5122
2444,audio-1498570661-headset-2444
6894,audio-1490281852-headset-6894
5234,audio--1506078485-5234
7742,audio-1501758701-7742
4988,audio-1490199631-4988
1629,audio-1499698419-1629
7784,audio-1490181253-headset-7784
3063,audio-1490369262-headset-3063
6246,audio-1501758119-headset-6246
1323,audio-1497622456-headset-1323
4418,audio-1497872321-headset-4418
6378,audio-1501408019-6378
7556,audio-1500980485-7556
4344,audio-1500387047-headset-4344
7524,audio-1498485904-headset-7524
4,audio-1501767950-4
4906,audio-1494415871-headset-4906
2655,audio-1498566352-headset-2655
4002,audio--1504192533-4002
159,audio-1502112173-headset-159
916,audio-1501755900-headset-916
7611,audio-1502300273-7611
2973,audio-1490262830-2973
7198,audio-1488975321-7198
6813,audio-1498565437-headset-6813
6609,audio-1488539000-6609
2519,audio-1502200919-headset-2519
1961,audio-1502376102-headset-1961
474,audio-1502375237-474
1973,audio-1494421786-headset-1973
7192,audio-1497271580-headset-7192
4647,audio-1490108553-4647
7892,audio--1504192520-headset-7892
701,audio-1501778636-701
5995,audio-1501686937-headset-5995
3981,audio-1488542627-3981
6684,audio-1490368753-6684
566,audio-1490704168-566
6230,audio-1490107293-headset-6230
4363,audio--1506078480-4363
6273,audio-1502216570-headset-6273
1030,audio-1502200125-1030
1051,audio-1501694696-headset-1051
5404,audio-1502893964-headset-5404
3893,audio-1489673897-3893
4503,audio--1504198635-headset-4503
1352,audio-1497865703-1352
2171,audio-1502218702-headset-2171
4322,audio-1502218054-headset-4322
7146,audio--1504197770-headset-7146
4969,audio-1498645558-headset-4969
3466,audio-1489498359-3466
1735,audio-1488983530-1735
7609,audio-1488635901-7609
4417,audio-1490362096-4417
6187,audio-1501768348-6187
5979,audio-1501767913-headset-5979
5651,audio-1498485090-5651
1647,audio-1490007786-1647
5840,audio-1502199179-headset-5840
2553,audio-1498565509-headset-2553
3268,audio-1495734633-headset-3268
5502,audio-1434543307-5502
7932,audio-1489672057-headset-7932
3059,audio-1498758973-headset-3059
3588,audio-1501696088-headset-3588
7369,audio-1501693889-7369
4239,audio-1490705230-4239
3698,audio-1501698063-headset-3698
991,audio-1488991389-991
2030,audio-1502374746-2030
1840,audio-1502894598-headset-1840
524,audio-1502895406-headset-524
2769,audio-1502374670-2769
172,audio-1498570797-headset-172
4819,audio-1500036133-headset-4819
4537,audio-1502891950-headset-4537
1885,audio-1494548720-1885
4820,audio-1500036133-4820
1804,audio-1502375028-headset-1804
58,audio-1489671450-headset-58
581,audio-1490957942-581
5798,audio-1501150765-5798
5169,audio-1490800828-headset-5169
482,audio-1500980215-482
1875,audio-1501755850-headset-1875
552,audio-1490021471-552
7417,audio-1500036958-headset-7417
257,audio-1494418317-257
7042,audio-1501765255-headset-7042
2706,audio-1500979376-2706
580,audio-1490957942-headset-580
4211,audio-1490202886-headset-4211
1949,audio-1502218082-1949
2281,audio-1499090925-2281
5480,audio-1499696298-5480
3976,audio-1502200884-3976
1755,audio-1501775315-1755
7683,audio-1490705108-7683
1083,audio-1498573516-1083
5925,audio-1498563590-5925
7228,audio-1495372319-7228
4677,audio-1498574258-4677
4720,audio-1434535450-headset-4720
3872,audio--1505405711-3872
1990,audio-1502194796-headset-1990
6427,audio-1502199432-headset-6427
3874,audio-1501690421-3874
6615,audio-1490203396-6615
3334,audio-1502101290-headset-3334
1559,audio-1490021910-1559
772,audio-1497860774-headset-772
794,audio-1502217339-794
5398,audio-1502309590-headset-5398
3531,audio-1497868186-headset-3531
2902,audio-1494547839-2902
3469,audio-1490181966-headset-3469
3367,audio-1490106906-headset-3367
3825,audio-1434531831-headset-3825
7076,audio-1490103396-headset-7076
5972,audio-1501415066-headset-5972
443,audio-1490104611-443
5516,audio-1490956094-headset-5516
5353,audio-1498484160-5353
5293,audio-1500039567-headset-5293
806,audio-1501406964-headset-806
496,audio-1501778581-496
3298,audio-1490799278-headset-3298
5965,audio-1501156213-headset-5965
2779,audio-1490199787-headset-2779
6558,audio-1501250841-6558
7058,audio-1490360188-7058
895,audio-1488557290-895
2036,audio-1502375076-2036
1569,audio-1501754323-1569
1558,audio-1490021910-headset-1558
4393,audio-1498572890-4393
3675,audio-1490106728-3675
1148,audio-1501765570-1148
7944,audio-1494418624-7944
1503,audio-1501751563-1503
7643,audio--1505405346-headset-7643
3789,audio-1490800875-3789
2046,audio-1490204482-2046
7163,audio-1501414284-headset-7163
7563,audio-1498569089-headset-7563
617,audio--1505407237-617
3630,audio--1504195230-3630
6619,audio-1501758519-headset-6619
7056,audio-1502197285-7056
7012,audio-1502218254-7012
4508,audio-1490182816-headset-4508
802,audio-1502376770-headset-802
414,audio--1504197968-414
5342,audio-1501758340-headset-5342
4428,audio-1494513059-headset-4428
6848,audio-1490018637-headset-6848
120,audio-1501757880-headset-120
764,audio-1501768534-headset-764
6173,audio-1498566621-6173
6952,audio-1501414202-6952
1936,audio-1497869514-headset-1936
1362,audio-1498565975-1362
3329,audio-1497882945-3329
3978,audio--1504197928-3978
3943,audio-1489498677-headset-3943
1751,audio-1497438191-1751
7083,audio-1498572402-7083
3285,audio-1498576158-3285
7392,audio-1434531552-headset-7392
480,audio-1496266140-480
1348,audio-1490368623-1348
3104,audio-1490183759-3104
17,audio-1502896975-headset-17
3198,audio-1490106611-3198
2172,audio-1502218702-2172
6423,audio-1499087846-headset-6423
6431,audio--1505407110-6431
3727,audio-1498486240-3727
2336,audio-1501776136-2336
3465,audio-1489498359-headset-3465
5706,audio-1502895366-5706
5984,audio-1497872929-5984
6417,audio-1502895459-headset-6417
4552,audio-1501694964-headset-4552
5422,audio-1488970884-5422
5885,audio-1502194762-5885
3986,audio-1488554525-3986
1268,audio--1505405963-headset-1268
1555,audio--1505405528-1555
2430,audio-1501406617-2430
1783,audio-1502099340-headset-1783
479,audio-1496266140-headset-479
4744,audio-1501759260-headset-4744
6027,audio-1494512860-6027
4441,audio-1499689822-4441
499,audio-1490199566-499
6127,audio-1502199816-headset-6127
2569,audio-1494416985-headset-2569
468,audio-1501773830-468
410,audio--1504194222-headset-410
4785,audio-1490802270-4785
3905,audio-1501157623-3905
4119,audio-1501765587-4119
7531,audio-1497366355-7531
6985,audio-1501152150-headset-6985
4350,audio-1488989857-4350
1289,audio-1499690442-1289
465,audio-1497556418-headset-465
4160,audio-1502891205-headset-4160
656,audio-1490288475-headset-656
6974,audio-1498566403-headset-6974
1522,audio-1490372028-headset-1522
561,audio-1502196283-headset-561
4874,audio-1490194760-4874
556,audio-1497879986-headset-556
5531,audio-1498483106-5531
7060,audio-1498646783-7060
1926,audio-1499267014-1926
3307,audio-1499266199-headset-3307
982,audio-1497555591-headset-982
7293,audio-1502309660-7293
4666,audio-1502100290-4666
2016,audio-1490106038-2016
4742,audio-1490287389-headset-4742
4870,audio-1501753132-4870
325,audio-1490021002-headset-325
5073,audio-1501156389-headset-5073
671,audio-1489154849-671
3434,audio-1490955473-3434
5385,audio-1502197492-headset-5385
4781,audio-1498484871-4781
4630,audio-1502376371-4630
4282,audio--1504195316-4282
2591,audio-1490200896-headset-2591
2136,audio-1502309351-2136
1673,audio-1501774395-headset-1673
5486,audio-1490287417-5486
5867,audio-1490008561-5867
2573,audio-1434532797-headset-2573
1955,audio-1500036907-headset-1955
2175,audio-1500039609-headset-2175
3242,audio-1488970741-3242
1072,audio-1502200153-1072
7675,audio-1502376626-7675
5287,audio-1502197873-headset-5287
2457,audio-1490263672-headset-2457
3745,audio--1504197881-3745
2590,audio-1502216433-2590
6159,audio-1502308833-headset-6159
594,audio-1502375014-594
76,audio-1490967578-76
3754,audio-1490005788-headset-3754
5088,audio-1502201265-5088
4612,audio-1502101313-headset-4612
819,audio-1498564971-819
600,audio-1499360608-600
4404,audio-1490286754-headset-4404
1746,audio-1500388065-headset-1746
4144,audio-1502374771-4144
7562,audio-1502099804-7562
1085,audio-1495376236-1085
2859,audio-1490198264-headset-2859
7216,audio-1497860844-headset-7216
563,audio-1502891080-headset-563
7202,audio-1501158026-headset-7202
2001,audio-1501752435-headset-2001
3027,audio-1501696229-headset-3027
2334,audio-1434532196-headset-2334
1292,audio-1497862840-headset-1292
3589,audio-1501696088-3589
6830,audio-1501768081-headset-6830
4450,audio-1498485256-headset-4450
5763,audio-1490195332-headset-5763
2478,audio-1497864692-2478
5010,audio-1492784686-headset-5010
7900,audio-1501756014-7900
5357,audio-1501691841-headset-5357
4333,audio-1501768799-headset-4333
64,audio-1490261263-headset-64
5471,audio-1502300364-headset-5471
6693,audio-1502895066-headset-6693
4543,audio-1492783193-4543
2452,audio-1490103759-2452
5434,audio-1494422229-headset-5434
848,audio-1490369766-848
7193,audio-1497271580-7193
1100,audio-1500900757-1100
7901,audio-1488984518-7901
945,audio-1490960771-headset-945
7288,audio-1497867008-7288
876,audio-1501759065-876
6081,audio-1497865028-headset-6081
7770,audio-1501692899-headset-7770
7914,audio-1497029528-headset-7914
2231,audio-1499361856-2231
2308,audio-1494418111-2308
4954,audio-1502890965-4954
1725,audio-1502309018-1725
5878,audio-1490359865-headset-5878
2808,audio-1502308546-headset-2808
1667,audio-1489153218-1667
5631,audio-1488563907-5631
5195,audio-1501686439-5195
6987,audio-1492786079-headset-6987
2162,audio-1499697279-2162
4140,audio--1506521004-4140
7719,audio-1501753643-7719
2057,audio-1501778324-headset-2057
7416,audio-1497192107-7416
6931,audio-1502215844-headset-6931
416,audio--1506079516-headset-416
756,audio-1488559954-756
5196,audio-1497262974-headset-5196
7621,audio-1494416182-headset-7621
7889,audio--1506521206-7889
2266,audio-1490801943-headset-2266
361,audio-1499692951-headset-361
29,audio-1490288224-headset-29
2732,audio-1501691353-headset-2732
6317,audio-1502300210-headset-6317
1071,audio-1502200153-headset-1071
5219,audio-1490357227-headset-5219
2145,audio-1501608962-2145
7728,audio-1501767275-7728
6072,audio-1501774167-headset-6072
3619,audio--1506521679-3619
4519,audio-1494421815-4519
5780,audio-1502376727-5780
3503,audio-1489154243-3503
4594,audio-1500978920-headset-4594
79,audio-1498485897-headset-79
7717,audio-1490182883-7717
616,audio--1505407237-headset-616
7234,audio-1434532264-headset-7234
5660,audio-1501771706-headset-5660
1221,audio-1497884153-headset-1221
4469,audio-1494512463-4469
295,audio-1497025085-headset-295
6837,audio-1500035110-6837
3024,audio--1504197832-3024
4771,audio-1498574145-4771
4526,audio-1501756492-4526
1213,audio-1502200705-1213
3520,audio-1490370194-headset-3520
1044,audio-1495734990-headset-1044
342,audio-1490290867-342
2525,audio--1504193142-headset-2525
2987,audio-1498571273-2987
7364,audio-1501752828-7364
6521,audio-1501776249-6521
7050,audio-1501754193-7050
326,audio-1490021002-326
7363,audio-1501752828-headset-7363
2931,audio-1434541615-2931
1720,audio-1501692310-headset-1720
5587,audio-1502099384-5587
2044,audio-1497274696-2044
5463,audio-1497439799-headset-5463
842,audio-1497264849-headset-842
2897,audio-1501765540-headset-2897
6390,audio-1489151799-6390
4586,audio-1501758093-4586
7242,audio-1498485303-7242
7165,audio-1490705888-headset-7165
7574,audio-1494418444-7574
5084,audio-1495734657-5084
6139,audio-1488984345-6139
1266,audio--1504198735-headset-1266
1939,audio-1502890095-1939
7082,audio-1498572402-headset-7082
1331,audio-1499698164-1331
6552,audio-1497882582-6552
6641,audio--1504192211-6641
1450,audio-1501690461-headset-1450
7220,audio-1490008417-headset-7220
3377,audio--1504195438-3377
203,audio-1490194892-203
1469,audio-1490019483-headset-1469
7952,audio-1501754023-7952
2721,audio-1434540680-2721
6409,audio-1492779642-headset-6409
3372,audio-1494420886-headset-3372
6571,audio-1497864230-headset-6571
5487,audio-1501752363-headset-5487
7078,audio-1501758347-headset-7078
6021,audio-1494421572-6021
7388,audio-1490107266-headset-7388
2032,audio-1490203556-2032
7759,audio-1498570806-headset-7759
1304,audio-1490106450-headset-1304
6450,audio-1497886295-headset-6450
5744,audio-1500980198-headset-5744
885,audio-1502200245-885
3133,audio-1499090145-headset-3133
7144,audio-1497887162-headset-7144
317,audio-1490182575-317
7033,audio-1502200898-7033
3855,audio-1502217225-headset-3855
1822,audio-1502376526-headset-1822
1634,audio-1501768549-headset-1634
6689,audio--1504191460-headset-6689
3770,audio-1490357027-headset-3770
2864,audio-1490183575-headset-2864
2500,audio-1490368370-headset-2500
6721,audio-1502895872-headset-6721
6515,audio-1500039035-headset-6515
7137,audio-1501753500-7137
1864,audio-1489153814-1864
1826,audio-1498646746-headset-1826
193,audio-1502375337-193
5406,audio--1504198097-headset-5406
1582,audio-1498574264-1582
3264,audio-1497862945-headset-3264
2689,audio-1501751693-headset-2689
2282,audio-1501151326-headset-2282
7080,audio-1502377697-headset-7080
568,audio-1488552972-568
6335,audio-1490287739-headset-6335
2286,audio-1499696049-headset-2286
2876,audio-1497868754-2876
5255,audio-1494421374-headset-5255
4173,audio-1501691300-headset-4173
3274,audio-1502891865-3274
5566,audio-1502377752-headset-5566
6911,audio-1502197774-headset-6911
7896,audio--1505406509-headset-7896
2712,audio-1489153163-2712
226,audio-1490106265-226
944,audio-1434530432-headset-944
7184,audio-1501173032-headset-7184
2139,audio-1501697689-headset-2139
1462,audio--1504191123-1462
4756,audio-1490182353-4756
2174,audio-1490109372-2174
313,audio-1489153142-313
888,audio-1490201313-headset-888
4887,audio--1504193117-headset-4887
3559,audio-1501776383-headset-3559
2831,audio-1498568059-headset-2831
5968,audio-1495378337-headset-5968
6442,audio-1501764447-6442
7539,audio-1490286868-7539
3574,audio-1501763734-3574
4966,audio-1498577839-4966
4189,audio--1504191520-headset-4189
947,audio-1494418788-947
3155,audio-1489671940-headset-3155
4723,audio-1502890917-headset-4723
1557,audio-1501689853-1557
2086,audio-1502377672-headset-2086
363,audio-1499693062-headset-363
5806,audio-1497881738-5806
3572,audio-1490957237-headset-3572
13,audio-1490105767-13
4259,audio-1434536310-headset-4259
6606,audio-1494418538-6606
4410,audio-1490288553-headset-4410
5626,audio-1499090287-5626
5893,audio-1497884858-headset-5893
6078,audio-1494606853-6078
6037,audio-1490967297-headset-6037
5493,audio--1504195056-headset-5493
1614,audio-1501689900-headset-1614
2983,audio-1497881782-headset-2983
3533,audio-1498485027-headset-3533
573,audio-1499360487-573
5441,audio-1502216630-5441
2704,audio-1498565379-2704
5104,audio-1499697719-headset-5104
2571,audio-1490103985-headset-2571
7453,audio-1496265438-headset-7453
6946,audio-1497267569-headset-6946
1020,audio-1501773170-1020
5896,audio-1501694617-5896
2460,audio-1490292213-2460
4154,audio-1502894668-4154
2533,audio--1504194300-headset-2533
7379,audio-1498758315-7379
3345,audio-1494548474-headset-3345
2672,audio-1501764466-headset-2672
3296,audio-1501764396-headset-3296
5711,audio-1501766485-headset-5711
2422,audio-1490199347-2422
4541,audio-1498482825-4541
1042,audio-1495733447-headset-1042
1571,audio-1490955189-1571
3444,audio-1498572711-headset-3444
5447,audio-1490008661-5447
3105,audio-1497024566-3105
5548,audio-1488558290-5548
6128,audio-1501686347-headset-6128
1425,audio-1495377917-1425
5042,audio-1490960684-headset-5042
4662,audio-1498566815-4662
2465,audio-1500979306-2465
3326,audio-1502894847-headset-3326
4488,audio-1501152862-4488
6829,audio-1501757519-headset-6829
3,audio-1501767950-headset-3
2489,audio-1497879680-headset-2489
2350,audio-1494422850-headset-2350
1721,audio-1501692310-1721
3521,audio-1490370194-3521
6436,audio-1497868010-headset-6436
4751,audio-1434536788-headset-4751
7687,audio-1502300283-7687
5363,audio-1497269825-5363
2639,audio-1497883633-2639
3809,audio-1492784702-headset-3809
7411,audio-1498567807-7411
3622,audio-1500899973-headset-3622
5534,audio-1490355007-headset-5534
1750,audio-1497438191-headset-1750
4187,audio-1502302100-headset-4187
3876,audio--1506079773-3876
6502,audio-1501688081-6502
7387,audio-1434541805-7387
6028,audio-1501414509-headset-6028
1390,audio-1434542887-1390
5397,audio-1499698041-5397
694,audio-1494548241-694
2324,audio-1501765068-2324
4222,audio-1502098863-4222
5438,audio-1502197237-headset-5438
5185,audio-1499088069-5185
5072,audio-1490006251-headset-5072
2745,audio-1494549010-2745
765,audio-1501768534-765
6704,audio-1501767322-headset-6704
6153,audio-1502374795-headset-6153
1924,audio-1498483119-1924
5511,audio--1504190935-5511
2542,audio-1490184513-2542
7666,audio-1498564709-headset-7666
6607,audio-1497882400-headset-6607
1631,audio-1496937888-1631
1207,audio-1492780838-1207
200,audio-1500039533-200
378,audio-1490798983-headset-378
7847,audio-1490200141-headset-7847
3892,audio-1489673897-headset-3892
5007,audio-1488639671-5007
6961,audio-1497884028-headset-6961
6295,audio-1497880354-headset-6295
596,audio-1501688184-headset-596
3730,audio-1434539470-headset-3730
3395,audio--1505404838-headset-3395
5159,audio-1488971060-5159
4715,audio-1492785178-headset-4715
1592,audio-1498568292-1592
5884,audio-1502194762-headset-5884
5704,audio-1488970877-5704
3145,audio-1490354675-headset-3145
4049,audio-1502100312-4049
3273,audio-1502891865-headset-3273
1998,audio-1501756861-1998
1208,audio-1495372151-headset-1208
5374,audio-1494512847-headset-5374
5633,audio-1499266334-5633
45,audio-1497368264-45
7760,audio-1498570806-7760
7048,audio-1501690771-headset-7048
6308,audio-1494512091-headset-6308
873,audio-1494514485-873
6376,audio-1501157082-6376
3482,audio-1490802118-headset-3482
1792,audio-1492784894-headset-1792
1440,audio--1504197392-headset-1440
6587,audio-1501688280-6587
5700,audio-1490704641-headset-5700
4243,audio-1498646454-4243
3805,audio-1497880054-headset-3805
411,audio--1504197806-headset-411
4566,audio-1502375938-4566
2041,audio-1494418635-headset-2041
6949,audio-1502895922-6949
994,audio-1499090256-994
3739,audio-1501757005-headset-3739
1092,audio-1497872542-headset-1092
6565,audio-1501692127-headset-6565
3806,audio-1497880054-3806
5468,audio-1501759275-5468
4351,audio-1501759157-headset-4351
4578,audio-1490020904-4578
4877,audio-1497865595-headset-4877
2599,audio-1498574205-headset-2599
7682,audio-1490705108-headset-7682
3625,audio--1504192726-headset-3625
5018,audio-1497881771-headset-5018
6676,audio-1490957415-headset-6676
5892,audio-1499361233-5892
4135,audio-1490007004-4135
3495,audio-1501687132-3495
6804,audio-1498485260-headset-6804
7240,audio-1495370134-7240
3652,audio-1501691010-3652
1303,audio-1490198229-headset-1303
6092,audio-1501776349-6092
7057,audio-1490360188-headset-7057
3888,audio-1490367408-3888
3686,audio-1502113279-headset-3686
2123,audio-1501415057-headset-2123
6158,audio--1506520685-6158
2025,audio-1502895062-headset-2025
6880,audio-1501690837-headset-6880
5223,audio-1497437055-5223
2271,audio-1490195021-2271
7697,audio-1502895414-7697
6370,audio-1498565714-headset-6370
4270,audio--1504192936-4270
3969,audio-1490801147-headset-3969
5134,audio-1502375190-5134
1959,audio-1490957867-headset-1959
2249,audio-1502195517-2249
3603,audio-1498566786-headset-3603
634,audio-1490283006-headset-634
5845,audio-1502376242-5845
2340,audio-1490201269-2340
1920,audio-1488983170-1920
2225,audio-1497884515-headset-2225
2751,audio-1489153367-2751
2619,audio-1490195767-headset-2619
4424,audio-1502099417-headset-4424
660,audio-1497558346-headset-660
7792,audio-1490286503-headset-7792
1235,audio-1499692267-1235
1894,audio-1498570589-headset-1894
3137,audio-1494548746-headset-3137
5684,audio-1490107718-5684
1251,audio-1502200837-headset-1251
5786,audio-1497884188-5786
1752,audio-1490802280-headset-1752
526,audio-1501775683-headset-526
3398,audio-1502100016-3398
3339,audio-1497029086-3339
2710,audio-1502890871-headset-2710
4445,audio-1490198424-headset-4445
3816,audio-1499695730-3816
3406,audio-1490956811-headset-3406
510,audio-1490705748-headset-510
1694,audio-1497262740-1694
6823,audio-1498568368-6823
3441,audio-1490194380-3441
3190,audio-1501687487-headset-3190
6306,audio-1434542735-6306
4784,audio-1490802270-headset-4784
5697,audio-1497868805-5697
160,audio-1502112173-160
7018,audio-1501754231-7018
6271,audio-1490195797-headset-6271
4716,audio-1492785178-4716
3116,audio-1434533355-headset-3116
3907,audio-1497268760-3907
48,audio-1501778761-headset-48
2881,audio-1499267168-headset-2881
2446,audio-1502216242-2446
6172,audio-1498566621-headset-6172
3194,audio-1494416990-headset-3194
6991,audio-1488974125-6991
6846,audio-1501773326-headset-6846
3432,audio--1506520690-3432
4409,audio-1490105999-4409
6123,audio-1500037123-headset-6123
6018,audio-1497881955-6018
4473,audio-1495378669-4473
7365,audio-1490957719-headset-7365
4941,audio-1502891226-headset-4941
1806,audio-1502299514-headset-1806
3999,audio--1504192153-headset-3999
1797,audio-1501689893-1797
2235,audio-1502195035-2235
3570,audio-1499267031-3570
7573,audio-1494418444-headset-7573
237,audio--1504190584-237
3185,audio-1502199419-headset-3185
2753,audio-1502201133-headset-2753
5479,audio-1497437620-5479
5563,audio-1497269817-5563
6538,audio-1490286759-headset-6538
3312,audio-1494548477-3312
5932,audio-1501767814-headset-5932
7691,audio-1488556460-7691
6885,audio-1502310008-6885
3828,audio-1502374829-headset-3828
1045,audio-1495734990-1045
5097,audio-1490262635-headset-5097
7849,audio-1502100238-headset-7849
220,audio-1490356700-headset-220
3227,audio-1502200910-3227
4848,audio-1489672045-4848
4623,audio--1504194416-4623
5431,audio-1497028938-5431
222,audio-1500389012-headset-222
687,audio--1505406513-headset-687
5265,audio-1495734028-5265
3511,audio-1498566634-headset-3511
1111,audio-1502309711-headset-1111
3782,audio-1497880758-3782
1488,audio-1497449944-1488
7164,audio-1501414284-7164
2131,audio--1505324836-headset-2131
7762,audio-1490109944-7762
2681,audio-1497555556-headset-2681
1733,audio-1488975504-1733
3724,audio-1492784672-headset-3724
2677,audio-1502216826-2677
2764,audio--1505323857-headset-2764
6235,audio-1490106028-headset-6235
7035,audio-1490019414-7035
2279,audio-1499362089-2279
6160,audio-1502308833-6160
6815,audio-1490110637-headset-6815
3453,audio-1501688159-headset-3453
2066,audio-1490007510-headset-2066
6839,audio-1502194923-6839
670,audio-1497880510-670
3852,audio-1501775528-3852
158,audio-1500035306-158
6136,audio-1434542890-6136
7727,audio-1501767275-headset-7727
426,audio-1498570645-headset-426
2866,audio-1499090805-headset-2866
1836,audio-1502309214-headset-1836
5325,audio-1490007080-5325
562,audio-1502196283-562
6399,audio-1502892790-headset-6399
5339,audio-1499691144-5339
329,audio-1497451566-329
6178,audio-1502895572-headset-6178
254,audio-1501688325-headset-254
7133,audio-1501686350-7133
1633,audio-1502200295-1633
6874,audio-1498569575-headset-6874
166,audio-1497025229-166
5089,audio-1502462165-5089
1248,audio-1502199023-headset-1248
1954,audio-1489154838-1954
1034,audio-1498565508-headset-1034
3879,audio-1502194865-headset-3879
5484,audio-1497557867-headset-5484
937,audio-1499246401-937
4620,audio--1504193293-headset-4620
1785,audio-1500388108-headset-1785
7636,audio--1504194322-7636
5730,audio-1490369997-5730
2099,audio-1501759308-2099
6282,audio-1498484472-headset-6282
3021,audio-1502101492-headset-3021
1374,audio-1502218312-1374
4963,audio-1490109011-4963
4974,audio-1501772111-4974
7540,audio-1501764003-headset-7540
7186,audio-1501415123-headset-7186
7764,audio-1501763801-7764
6371,audio-1490282220-headset-6371
6711,audio-1502311289-headset-6711
1341,audio-1494415671-headset-1341
2548,audio-1490283499-headset-2548
7344,audio-1501764943-7344
4740,audio-1502895554-headset-4740
210,audio-1498570053-210
2555,audio-1501687183-headset-2555
7086,audio-1499697884-7086
7812,audio-1490183640-headset-7812
3074,audio-1500387110-headset-3074
3249,audio-1497884438-headset-3249
5857,audio-1490195808-5857
1624,audio-1497887650-1624
622,audio-1488975467-622
4850,audio-1497192099-4850
5657,audio-1501752800-5657
7143,audio-1492780337-7143
5138,audio-1502195883-5138
1989,audio-1497886758-1989
834,audio-1434534397-834
7255,audio-1501688292-headset-7255
6328,audio-1502374721-6328
2470,audio-1434535625-2470
5605,audio-1490104028-headset-5605
4918,audio-1501767668-4918
6598,audio-1497622341-headset-6598
7668,audio-1501755827-headset-7668
6522,audio-1501688717-headset-6522
4636,audio-1501764876-4636
6411,audio-1498571169-headset-6411
336,audio-1502216994-headset-336
2844,audio-1501690977-2844
4364,audio-1492781556-headset-4364
7798,audio-1497866438-headset-7798
5419,audio-1501688296-headset-5419
3035,audio-1501751913-3035
564,audio-1502891080-564
7478,audio-1495733321-headset-7478
5304,audio-1501692463-5304
2795,audio-1502197060-headset-2795
103,audio-1497880521-103
7094,audio-1502891975-7094
6736,audio-1502216889-headset-6736
4015,audio-1498564743-headset-4015
864,audio-1488542427-864
3551,audio-1499695371-headset-3551
2967,audio--1505405413-2967
5206,audio-1490356574-headset-5206
6788,audio-1502195241-6788
3766,audio-1490262052-3766
5794,audio-1494416296-5794
1253,audio-1499698050-1253
3567,audio-1501408416-headset-3567
1442,audio-1502311373-headset-1442
6011,audio-1501771951-headset-6011
4274,audio-1490367302-headset-4274
5328,audio-1497862847-headset-5328
2212,audio-1490801749-headset-2212
5045,audio-1499089039-5045
6620,audio-1501758519-6620
4408,audio-1490105999-headset-4408
6345,audio-1502199609-6345
3960,audio-1490199416-headset-3960
3808,audio-1500388927-3808
3568,audio-1501408416-3568
6764,audio--1504191159-headset-6764
5988,audio-1502199173-5988
4853,audio-1497860964-headset-4853
2198,audio--1504191551-headset-2198
2640,audio-1498574363-headset-2640
2011,audio-1489154988-2011
6805,audio-1498485260-6805
709,audio-1490181890-709
2284,audio-1494607536-headset-2284
3692,audio-1434542860-3692
1997,audio-1490289252-1997
6147,audio-1501688509-6147
7156,audio-1490184387-headset-7156
4668,audio-1490290698-headset-4668
4999,audio--1504190270-headset-4999
5473,audio-1490019416-headset-5473
7565,audio-1490705956-7565
2755,audio-1502201288-headset-2755
235,audio-1502195312-235
7183,audio-1502299378-7183
2662,audio-1501753174-headset-2662
1489,audio-1501752784-headset-1489
3994,audio-1495377817-headset-3994
1737,audio-1501691433-1737
2906,audio-1492780048-2906
6535,audio-1495377558-6535
2116,audio-1502894425-2116
2788,audio-1498572981-headset-2788
2290,audio-1501688896-headset-2290
4883,audio-1501692468-headset-4883
7345,audio-1489153790-7345
2263,audio-1497881964-2263
4553,audio-1501694964-4553
83,audio-1490182823-83
4232,audio-1501692389-headset-4232
1565,audio-1498574588-1565
7704,audio-1434532464-7704
1977,audio-1502198041-headset-1977
5898,audio-1498567362-5898
7372,audio-1494607513-headset-7372
7430,audio-1502101684-headset-7430
4548,audio-1490103770-headset-4548
6210,audio-1488540755-6210
1968,audio-1490286527-1968
6966,audio--1505407304-6966
3900,audio--1505406920-3900
5291,audio-1490183756-5291
5831,audio-1490292299-5831
4020,audio-1501155175-4020
3671,audio-1488639005-3671
6495,audio-1498565633-6495
141,audio-1501690304-headset-141
762,audio-1501156462-headset-762
2410,audio-1490108009-2410
1815,audio-1502217296-1815
7138,audio-1497869976-headset-7138
5667,audio-1501609052-5667
1993,audio-1497368287-1993
2508,audio-1502891258-2508
5439,audio-1502197237-5439
4764,audio-1501407361-headset-4764
3023,audio--1504197832-headset-3023
7222,audio-1488557073-7222
4534,audio-1501697404-4534
4349,audio-1498570380-4349
2816,audio-1502100921-headset-2816
3485,audio-1502198794-3485
6110,audio-1501693722-6110
7586,audio-1490182859-7586
2709,audio-1499696057-2709
2882,audio-1499267168-2882
5757,audio-1501751727-headset-5757
3717,audio-1490020980-3717
2219,audio-1501693840-headset-2219
2511,audio-1490292294-headset-2511
7771,audio-1501692899-7771
1888,audio--1504194856-headset-1888
988,audio-1497270000-headset-988
5908,audio-1490369089-5908
1577,audio-1501407141-headset-1577
7827,audio-1497557721-7827
979,audio--1505406815-979
6085,audio-1498572814-6085
4389,audio-1494548963-4389
6243,audio-1495734642-headset-6243
5653,audio-1502112933-5653
1516,audio-1501753182-headset-1516
7603,audio-1490704872-7603
1772,audio-1501697079-1772
6050,audio-1497881257-headset-6050
3966,audio-1497872816-headset-3966
2265,audio-1497622505-2265
5935,audio-1501407307-5935
4829,audio--1505323780-4829
6227,audio-1501768244-6227
4297,audio-1501687157-4297
4888,audio--1504193117-4888
2318,audio-1502299438-headset-2318
823,audio-1497865992-823
1590,audio-1500037209-1590
2426,audio-1502890644-2426
1863,audio-1490110853-1863
2956,audio-1490703761-2956
7359,audio-1499089782-headset-7359
2476,audio-1501172916-2476
115,audio-1501766310-headset-115
5800,audio-1497886910-5800
7386,audio-1434541805-headset-7386
1036,audio-1490800699-headset-1036
2247,audio-1502100535-2247
372,audio-1500038684-headset-372
446,audio-1434542187-446
4533,audio-1501697404-headset-4533
2393,audio-1434533124-2393
5713,audio-1490356129-headset-5713
6999,audio-1495371473-6999
5225,audio-1502894645-5225
6166,audio-1490354982-headset-6166
4021,audio-1501155596-headset-4021
840,audio-1498564952-840
100,audio-1497436761-headset-100
4702,audio-1502099549-4702
2329,audio-1497029268-2329
3845,audio-1490967232-3845
3921,audio-1489672155-headset-3921
3608,audio-1490264552-3608
2791,audio-1498568733-2791
1510,audio-1490354759-1510
420,audio-1499694236-headset-420
2068,audio-1490359984-headset-2068
3913,audio-1497272263-headset-3913
934,audio-1497271156-headset-934
6734,audio-1497860233-headset-6734
535,audio-1501753481-535
3282,audio-1497360764-3282
4028,audio-1501773824-headset-4028
606,audio-1490264616-606
4726,audio-1498573912-4726
5156,audio-1492779718-5156
5623,audio-1490705273-headset-5623
439,audio-1499692651-439
1242,audio-1501758657-1242
1222,audio-1497884153-1222
6644,audio--1504197998-headset-6644
4610,audio-1501685931-4610
7237,audio-1494418675-headset-7237
697,audio-1498566765-headset-697
2033,audio-1488969797-2033
970,audio-1501752201-headset-970
4571,audio-1501766406-headset-4571
6262,audio-1494609138-6262
3409,audio-1497884551-3409
7516,audio--1504198820-7516
6887,audio-1495370516-6887
6477,audio-1502375199-6477
7887,audio-1500979166-headset-7887
1848,audio-1489151719-1848
6354,audio-1494418494-headset-6354
4280,audio-1489674216-4280
7085,audio-1501772342-7085
3690,audio-1501774440-headset-3690
3626,audio--1504192726-3626
2435,audio-1501772191-headset-2435
4821,audio--1504193107-headset-4821
3512,audio-1498566634-3512
2501,audio-1490368370-2501
4658,audio-1502374923-headset-4658
5087,audio-1502201265-headset-5087
493,audio-1502195259-headset-493
4994,audio-1501753938-4994
6062,audio-1499088159-headset-6062
812,audio-1497451105-812
6248,audio-1490288433-headset-6248
1702,audio-1502196271-1702
5124,audio-1490799057-headset-5124
7823,audio-1495378201-headset-7823
2167,audio-1434535091-headset-2167
5410,audio-1490367215-headset-5410
665,audio-1499691003-headset-665
1286,audio-1501753231-headset-1286
1964,audio-1490704525-1964
1423,audio-1495370349-1423
4521,audio-1497866978-4521
614,audio--1504195391-headset-614
1282,audio--1506078275-1282
21,audio-1495734949-headset-21
3346,audio-1494548474-3346
6756,audio-1502199726-headset-6756
5647,audio-1490104107-5647
4864,audio-1492783487-4864
3849,audio-1499696274-3849
2385,audio-1497449617-2385
267,audio-1434534525-267
1896,audio-1501158292-1896
2360,audio-1502377426-headset-2360
5791,audio-1502216041-5791
2316,audio-1490356648-headset-2316
5758,audio-1501751727-5758
3719,audio-1490192712-3719
583,audio-1488989926-583
7435,audio-1501758848-7435
1912,audio-1490703214-headset-1912
6740,audio--1504194395-headset-6740
6453,audio-1497870172-headset-6453
6481,audio-1502895677-headset-6481
5120,audio-1490193919-headset-5120
4831,audio-1501697209-headset-4831
5416,audio-1496265900-headset-5416
6585,audio-1489671538-6585
1620,audio-1501753799-1620
7171,audio-1502101478-headset-7171
940,audio-1497886508-headset-940
4461,audio-1501689898-headset-4461
1841,audio-1502894598-1841
5305,audio-1497557757-headset-5305
1220,audio-1494547744-1220
2176,audio-1501694842-headset-2176
1165,audio-1490289528-1165
7853,audio-1498565131-headset-7853
488,audio-1502194917-488
1359,audio-1502101892-headset-1359
6493,audio-1497882786-6493
7711,audio-1434535075-7711
7523,audio-1489154675-7523
6135,audio-1497869051-6135
7243,audio-1499692137-7243
2364,audio-1501694980-2364
3597,audio-1501757553-3597
1018,audio-1489152700-1018
3839,audio-1501757376-3839
5641,audio-1502100363-5641
2491,audio-1490107043-headset-2491
5732,audio-1498573139-5732
3297,audio-1501764396-3297
2230,audio-1489497860-2230
4099,audio-1490200110-4099
4423,audio-1502200460-4423
4045,audio-1497557532-headset-4045
3586,audio-1501152374-headset-3586
658,audio-1499246924-headset-658
4899,audio-1488557062-4899
7385,audio-1501414404-7385
3539,audio-1497437753-headset-3539
6017,audio-1497881955-headset-6017
6912,audio--1504192396-headset-6912
7902,audio-1497861959-headset-7902
2051,audio-1489672879-headset-2051
211,audio-1502377089-headset-211
748,audio-1501766369-headset-748
7652,audio-1502375955-7652
5523,audio-1497869796-headset-5523
4712,audio-1502308643-4712
4809,audio-1502199657-headset-4809
169,audio-1495734488-169
6264,audio-1501696201-headset-6264
5507,audio-1490018614-headset-5507
2207,audio-1490287297-headset-2207
7634,audio-1502890849-7634
7009,audio-1497192547-headset-7009
6251,audio-1490355935-6251
6195,audio-1500036874-6195
1435,audio-1497880821-1435
3854,audio-1497558241-3854
4251,audio-1497861880-4251
5337,audio-1495371776-5337
7226,audio-1502300328-headset-7226
7925,audio-1501764223-headset-7925
1486,audio--1506078491-1486
4795,audio-1497863289-headset-4795
7065,audio-1495369615-headset-7065
5200,audio-1490204271-headset-5200
6781,audio-1489673368-headset-6781
747,audio-1492780266-747
3850,audio-1434528271-headset-3850
2850,audio--1504192815-2850
7258,audio-1490200352-headset-7258
2730,audio-1495732744-headset-2730
2630,audio-1497555661-2630
5489,audio--1504192283-headset-5489
856,audio-1434538853-headset-856
1317,audio-1498576194-1317
2701,audio-1501773281-headset-2701
7355,audio-1501692881-headset-7355
5682,audio-1490801069-5682
4058,audio-1490360346-4058
2361,audio-1502377426-2361
5427,audio-1490706275-5427
3280,audio-1501686616-3280
7699,audio-1494548777-7699
4506,audio-1490706338-headset-4506
300,audio-1501688946-300
3725,audio-1492784672-3725
721,audio-1495734216-721
2576,audio-1490108335-headset-2576
2067,audio-1490007510-2067
2648,audio-1502375435-headset-2648
949,audio-1495734126-949
6960,audio-1502300219-6960
3311,audio-1494548477-headset-3311
4215,audio-1498486411-headset-4215
9,audio-1490105658-9
5387,audio-1501773443-headset-5387
4444,audio-1494513647-4444
3784,audio-1497881838-3784
3385,audio-1495369619-3385
444,audio-1488989274-444
1536,audio-1499694825-1536
4247,audio-1502197379-4247
2963,audio-1492786192-2963
5100,audio-1490372108-5100
6196,audio-1502100404-headset-6196
4083,audio--1504190932-4083
5123,audio-1501151429-5123
3621,audio-1497867877-3621
6225,audio-1495370701-6225
422,audio-1497883081-headset-422
7436,audio-1497867614-headset-7436
7858,audio-1497883534-7858
4499,audio--1504192724-headset-4499
1073,audio-1490019967-headset-1073
2359,audio-1502195840-2359
7467,audio-1490008606-7467
5720,audio-1490006625-5720
3970,audio-1490801147-3970
7160,audio-1501688151-7160
236,audio--1504190584-headset-236
5161,audio-1501687043-5161
4987,audio-1490199631-headset-4987
6547,audio-1501753380-headset-6547
1960,audio-1490957867-1960
5814,audio-1490356180-headset-5814
1297,audio-1490354203-1297
2545,audio-1500039477-2545
4512,audio-1494511912-headset-4512
112,audio-1495371459-112
4524,audio--1506079343-headset-4524
3342,audio-1490287025-headset-3342
763,audio-1501156462-763
7203,audio-1501158026-7203
929,audio-1490104294-929
3780,audio-1490107893-3780
962,audio-1489154013-962
5306,audio-1501686535-headset-5306
1261,audio-1499361038-1261
4082,audio--1504190932-headset-4082
5870,audio-1497880762-headset-5870
2390,audio-1498574204-headset-2390
4168,audio-1490183736-headset-4168
5778,audio-1502197947-5778
2239,audio-1502374812-headset-2239
3403,audio-1497861256-headset-3403
3952,audio-1490288564-headset-3952
3868,audio--1505324814-3868
1996,audio-1490289252-headset-1996
3741,audio-1499695891-3741
4515,audio-1501766598-4515
1184,audio-1498571891-1184
3142,audio-1502200311-3142
1561,audio-1490108297-1561
4910,audio-1490356845-headset-4910
4163,audio-1490359679-4163
6113,audio-1490956511-headset-6113
1118,audio-1502375525-headset-1118
571,audio-1490367839-headset-571
7786,audio-1498564196-headset-7786
6329,audio-1490108775-headset-6329
6471,audio-1498564038-headset-6471
3399,audio-1497191783-headset-3399
2784,audio-1501697841-2784
6452,audio-1498578418-6452
4159,audio-1489154058-4159
2188,audio-1497872739-headset-2188
6731,audio--1504193014-6731
2317,audio-1490356648-2317
5947,audio-1490369046-5947
2445,audio-1502216242-headset-2445
4808,audio-1497439634-4808
4750,audio-1496265770-headset-4750
7326,audio-1494514845-headset-7326
4011,audio--1504197984-headset-4011
1217,audio-1490954828-headset-1217
3658,audio-1488974379-3658
4412,audio-1497882593-headset-4412
3967,audio-1497872816-3967
2827,audio-1492781080-headset-2827
2723,audio-1494513151-2723
6784,audio-1490183935-6784
6249,audio-1490288433-6249
4451,audio-1498485256-4451
3090,audio-1499244181-3090
7191,audio-1490369148-7191
2636,audio-1501150397-2636
1545,audio-1502200860-headset-1545
6802,audio-1497887063-6802
1956,audio-1500036907-1956
4684,audio-1501688128-4684
7109,audio--1505406926-7109
1913,audio-1490703214-1913
6353,audio-1501771658-6353
3365,audio-1502893897-headset-3365
357,audio-1490182133-357
2606,audio-1501150744-headset-2606
6100,audio-1498567089-headset-6100
7630,audio-1501751418-headset-7630
5777,audio-1502197947-headset-5777
3123,audio-1501690245-headset-3123
3162,audio-1492783616-headset-3162
5436,audio-1502112451-headset-5436
6491,audio-1497865035-6491
5341,audio-1494548237-5341
1246,audio-1501765056-1246
4057,audio-1490360346-headset-4057
303,audio-1434544523-303
6801,audio-1497887063-headset-6801
4114,audio--1505406971-headset-4114
4834,audio-1494607217-4834
2719,audio-1488554032-2719
822,audio-1497865992-headset-822
3606,audio-1501764360-3606
816,audio-1501758208-headset-816
4308,audio-1502218188-headset-4308
3743,audio-1498483490-3743
125,audio-1492781132-125
5918,audio-1502195032-headset-5918
1180,audio-1501752151-headset-1180
3358,audio-1490355713-headset-3358
7230,audio-1490261246-7230
1264,audio--1504197702-headset-1264
612,audio--1504192539-headset-612
3846,audio-1495732777-headset-3846
6402,audio-1497438575-headset-6402
7690,audio-1501756840-7690
2773,audio-1502891268-headset-2773
5105,audio-1499697719-5105
5674,audio-1502892952-headset-5674
3256,audio--1504195433-headset-3256
7674,audio-1502376626-headset-7674
657,audio-1490288475-657
2691,audio-1502197371-headset-2691
5524,audio-1497869796-5524
4371,audio-1502216550-headset-4371
7869,audio--1504190734-7869
2594,audio-1490802032-headset-2594
7125,audio-1502195383-7125
5887,audio-1490104008-5887
6221,audio-1497495638-6221
3997,audio-1502895889-headset-3997
4432,audio-1434532388-headset-4432
294,audio-1502217168-294
5058,audio-1498485165-5058
560,audio-1500038458-560
1923,audio-1498483119-headset-1923
5170,audio-1490800828-5170
5606,audio-1490104028-5606
2354,audio-1502112180-headset-2354
7025,audio-1502890403-7025
6117,audio-1497864171-headset-6117
740,audio-1501692426-headset-740
3555,audio-1502099312-headset-3555
7612,audio-1498758847-headset-7612
6228,audio-1490183948-headset-6228
5191,audio-1490202302-5191
5766,audio--1504190816-5766
6818,audio-1490199973-headset-6818
3634,audio--1504197699-3634
7575,audio-1502890928-headset-7575
5685,audio-1495369440-headset-5685
2453,audio-1499089238-headset-2453
7063,audio-1502377205-headset-7063
376,audio-1495732638-headset-376
2657,audio-1490203439-headset-2657
459,audio-1502113182-459
2403,audio-1501692631-headset-2403
2936,audio-1499692146-2936
3070,audio-1501407051-headset-3070
3528,audio-1490703508-3528
1192,audio-1490184617-headset-1192
2000,audio-1498565005-2000
7154,audio-1501778002-headset-7154
3375,audio-1497622184-3375
6953,audio--1504194909-headset-6953
5585,audio-1497887735-5585
1475,audio-1502196256-headset-1475
1392,audio-1497872923-1392
1434,audio-1497880821-headset-1434
646,audio-1501752547-headset-646
4992,audio-1490193801-headset-4992
7343,audio-1501764943-headset-7343
5076,audio-1495370177-5076
5596,audio-1502197954-headset-5596
1972,audio-1490800751-1972
4076,audio-1494549002-4076
4777,audio-1490291856-headset-4777
1172,audio-1494606899-headset-1172
1902,audio-1502302310-headset-1902
3777,audio-1490106723-3777
6800,audio-1490263555-6800
2080,audio-1490356705-headset-2080
3764,audio-1502099647-3764
2091,audio-1501151825-2091
5462,audio-1494416075-5462
7486,audio-1498571417-7486
3811,audio-1490184007-headset-3811
2356,audio-1502374631-headset-2356
5550,audio-1497880871-headset-5550
4477,audio-1502199564-headset-4477
1294,audio-1497886441-headset-1294
605,audio-1490264616-headset-605
3618,audio-1490281397-headset-3618
2830,audio-1490195239-2830
4813,audio--1504192873-headset-4813
2450,audio-1500899685-2450
7735,audio-1490705079-headset-7735
3475,audio-1490106536-3475
5655,audio-1502308541-5655
2048,audio-1500036864-2048
3742,audio-1498483490-headset-3742
2474,audio-1498565688-2474
7201,audio-1490354541-7201
3151,audio-1501758444-headset-3151
3958,audio-1492779900-headset-3958
7173,audio-1490108164-headset-7173
1943,audio-1501152746-1943
3124,audio-1501690245-3124
4685,audio-1489504114-headset-4685
7905,audio-1502377473-7905
4708,audio-1502218389-4708
2423,audio-1501752657-2423
5728,audio-1498572064-5728
2418,audio-1501777943-2418
179,audio-1501758551-179
5392,audio-1502197626-headset-5392
7495,audio-1501686086-headset-7495
2248,audio-1502195517-headset-2248
66,audio-1498485748-headset-66
7233,audio-1490110411-7233
5618,audio-1501757988-headset-5618
6375,audio-1501157082-headset-6375
6514,audio-1498485731-6514
401,audio--1506522174-401
4967,audio-1501756439-4967
6104,audio-1490106233-6104
4069,audio--1504195122-4069
2344,audio-1490800016-headset-2344
6759,audio-1490106169-headset-6759
7660,audio-1434541269-7660
4973,audio-1501772111-headset-4973
2886,audio-1499089424-2886
1794,audio-1494421392-headset-1794
5215,audio-1502200967-headset-5215
7447,audio-1497868759-headset-7447
5086,audio-1502201105-5086
2053,audio-1501778782-headset-2053
5552,audio-1500980180-headset-5552
6189,audio-1488991800-6189
5905,audio-1498572707-5905
6287,audio-1499266295-6287
5400,audio-1501690561-headset-5400
5577,audio--1505404406-5577
1120,audio-1434536888-headset-1120
5146,audio-1490022231-5146
795,audio-1434543023-795
7783,audio-1502893957-7783
5294,audio-1434530039-headset-5294
322,audio-1490289525-headset-322
2530,audio--1505407266-2530
3611,audio-1490182269-3611
273,audio-1502218791-headset-273
4747,audio-1501766782-4747
7864,audio-1497265056-headset-7864
5999,audio-1497879444-5999
1076,audio-1434533132-1076
738,audio-1489673049-738
2417,audio-1501777943-headset-2417
2676,audio-1502216826-headset-2676
7074,audio-1497884075-headset-7074
6566,audio-1501692127-6566
1438,audio--1504192489-headset-1438
1644,audio-1502101746-headset-1644
1082,audio-1498573516-headset-1082
7017,audio-1501754231-headset-7017
2997,audio-1502896837-2997
4348,audio-1498570380-headset-4348
4110,audio--1504190850-headset-4110
2232,audio-1498571916-2232
1347,audio-1490368623-headset-1347
2105,audio-1501754224-headset-2105
3947,audio-1490183133-headset-3947
6343,audio-1434542157-6343
6115,audio-1492784612-headset-6115
2774,audio-1502891268-2774
943,audio-1490017932-943
3836,audio-1494548487-3836
7404,audio-1501693924-headset-7404
1153,audio-1490195073-headset-1153
7008,audio-1490291461-7008
6760,audio-1490106169-6760
5540,audio-1501694744-headset-5540
7588,audio-1501414872-7588
6762,audio-1490359474-6762
3255,audio-1502302456-3255
4565,audio-1502375938-headset-4565
2996,audio-1502896837-headset-2996
739,audio-1502462080-739
3232,audio-1490182595-headset-3232
114,audio-1490356980-headset-114
7449,audio--1504193402-headset-7449
4395,audio-1502114473-4395
1012,audio-1490357673-headset-1012
6625,audio-1492783602-headset-6625
3019,audio-1501689985-headset-3019
7205,audio-1497871902-7205
6692,audio--1504193217-6692
6661,audio-1502890281-headset-6661
2147,audio-1490204284-2147
7799,audio-1497866438-7799
3121,audio-1500389005-headset-3121
5230,audio-1498759052-5230
3043,audio-1502217290-headset-3043
887,audio-1502896226-887
5528,audio-1501766811-headset-5528
1915,audio-1490201815-1915
3862,audio-1502216051-3862
205,audio-1490110043-205
5075,audio-1495370177-headset-5075
4599,audio-1499090087-headset-4599
2687,audio-1490195682-headset-2687
4997,audio-1490799317-4997
1813,audio-1499246590-1813
6702,audio-1497268778-6702
517,audio-1497872829-517
5205,audio-1490262924-5205
3803,audio-1495371837-headset-3803
5743,audio-1490184570-headset-5743
2475,audio-1501172916-headset-2475
5318,audio-1498572758-headset-5318
3344,audio-1498573243-3344
955,audio-1490292704-headset-955
1145,audio-1501756517-headset-1145
371,audio-1498572936-371
304,audio-1502376209-headset-304
2493,audio-1498646023-headset-2493
4035,audio-1498567832-4035
951,audio-1490289399-headset-951
796,audio-1490263313-headset-796
6465,audio-1490020483-headset-6465
4403,audio-1490283449-headset-4403
7040,audio-1502101217-7040
3183,audio-1502376150-headset-3183
7751,audio-1501687491-7751
3039,audio-1501685755-headset-3039
5492,audio--1504192687-5492
6087,audio-1496265183-headset-6087
5705,audio-1502895366-headset-5705
4425,audio-1502099417-4425
3433,audio-1490955473-headset-3433
4811,audio--1504192473-headset-4811
6080,audio-1490183122-6080
5952,audio-1502195976-headset-5952
1265,audio--1504197702-1265
7103,audio-1490287553-headset-7103
5365,audio-1498484819-5365
811,audio-1501686517-811
4008,audio--1504195044-4008
5043,audio-1490960684-5043
3343,audio-1490287025-3343
2291,audio-1500898375-2291
268,audio-1490204224-headset-268
5654,audio-1502308541-headset-5654
7265,audio-1502376619-headset-7265
1779,audio-1494512705-headset-1779
3632,audio--1504197574-3632
3642,audio-1497868371-3642
1934,audio-1498568118-headset-1934
2971,audio-1490020939-2971
813,audio-1492778885-headset-813
5617,audio-1502896635-5617
3009,audio-1497025499-headset-3009
4460,audio-1501753272-4460
5282,audio-1501415511-headset-5282
2938,audio-1434542235-2938
7716,audio-1490182883-headset-7716
3261,audio-1495378364-headset-3261
2260,audio-1490021896-2260
1554,audio--1505405528-headset-1554
1000,audio--1504190646-1000
6307,audio-1488986768-6307
750,audio-1502890780-headset-750
5429,audio-1490181864-5429
6893,audio-1490200791-6893
5256,audio-1494421374-5256
7960,audio-1501414409-headset-7960
4891,audio-1501775452-headset-4891
174,audio-1497868869-174
7584,audio-1502201080-7584
7418,audio-1500036958-7418
1995,audio-1494420286-1995
1031,audio-1490704070-headset-1031
4625,audio-1498758638-headset-4625
1681,audio-1502377451-1681
7587,audio-1501414872-headset-7587
4540,audio-1498482825-headset-4540
1697,audio-1490106100-1697
4803,audio-1489151210-4803
1769,audio-1490106229-headset-1769
1908,audio--1504190681-headset-1908
6478,audio-1501150715-headset-6478
7180,audio-1501757601-headset-7180
4882,audio-1489152600-4882
23,audio-1490018043-headset-23
7130,audio-1490359299-headset-7130
1185,audio-1434542976-1185
1064,audio-1499696852-1064
6766,audio--1504192738-headset-6766
6364,audio-1499266209-headset-6364
1429,audio-1490019370-1429
900,audio-1434540889-900
5415,audio-1494421392-5415
6669,audio-1492785153-6669
1079,audio-1502377438-headset-1079
121,audio-1501757880-121
2934,audio-1501767885-2934
7644,audio--1505405346-7644
4823,audio-1501775866-headset-4823
2652,audio-1498567113-headset-2652
129,audio-1497861014-129
1427,audio-1434540022-1427
2173,audio-1490109372-headset-2173
429,audio-1501691984-429
1038,audio-1497880858-headset-1038
6076,audio-1492779140-6076
3448,audio--1505407196-headset-3448
4309,audio-1502218188-4309
931,audio-1501753140-931
6108,audio-1498569957-6108
7777,audio-1502896988-headset-7777
3901,audio-1490357294-headset-3901
3672,audio-1499246638-headset-3672
7794,audio-1498568596-headset-7794
4204,audio-1490006561-4204
4863,audio-1492783487-headset-4863
893,audio-1488539298-893
3702,audio-1501753256-headset-3702
4127,audio-1490354728-4127
1814,audio-1502217296-headset-1814
5038,audio-1498565165-headset-5038
7899,audio--1506079236-7899
5957,audio-1490199634-headset-5957
7217,audio-1497860844-7217
4271,audio--1504193201-headset-4271
6959,audio-1502300219-headset-6959
3752,audio-1502216029-headset-3752
5270,audio-1494547957-headset-5270
255,audio-1501688325-255
498,audio-1490199566-headset-498
3923,audio-1490005941-headset-3923
3290,audio--1505323938-3290
3492,audio-1501754429-headset-3492
5620,audio-1499266380-headset-5620
884,audio-1502200245-headset-884
4016,audio-1498564743-4016
5835,audio-1498570608-5835
3633,audio--1504197699-headset-3633
602,audio-1490195868-602
661,audio-1497558346-661
2638,audio-1497883633-headset-2638
4983,audio-1501778149-headset-4983
1215,audio--1504192750-headset-1215
538,audio-1502218750-headset-538
1033,audio-1488541099-1033
2252,audio-1434541717-2252
5114,audio-1488975853-5114
5186,audio-1494607541-headset-5186
6648,audio--1505405859-headset-6648
4492,audio-1490201333-4492
5833,audio-1497495677-5833
2663,audio-1501753174-2663
3120,audio-1501694715-3120
4893,audio-1501692157-headset-4893
4346,audio-1500419436-headset-4346
2415,audio-1490704220-headset-2415
6267,audio-1501690783-6267
4141,audio--1504193353-headset-4141
4959,audio-1500387053-4959
3524,audio-1498569409-3524
6745,audio-1499689341-headset-6745
5748,audio-1434541756-5748
6996,audio-1502891324-headset-6996
6490,audio-1497865035-headset-6490
5332,audio-1488993620-5332
4516,audio-1434540028-headset-4516
6361,audio--1505407245-6361
1761,audio-1501695960-headset-1761
3523,audio-1498569409-headset-3523
3699,audio-1501698063-3699
1871,audio-1494606327-headset-1871
3389,audio-1497882620-headset-3389
2776,audio-1502309389-2776
3715,audio-1490703680-3715
3266,audio-1501772656-headset-3266
3407,audio-1490956811-3407
5976,audio-1501757846-5976
778,audio-1495369104-headset-778
2560,audio-1434532699-headset-2560
3496,audio-1499088967-headset-3496
6555,audio-1489674278-headset-6555
5448,audio-1501414658-headset-5448
2088,audio-1490370719-headset-2088
3066,audio-1501753796-headset-3066
1250,audio-1502199282-1250
7279,audio-1490198991-7279
3885,audio-1502375284-headset-3885
549,audio-1498645566-549
6773,audio--1504197931-6773
699,audio-1498573159-headset-699
6579,audio-1490201643-6579
3537,audio-1502377499-headset-3537
791,audio-1501157449-headset-791
6052,audio-1502896025-headset-6052
3052,audio-1502376954-headset-3052
1065,audio-1501774137-headset-1065
4557,audio-1494608891-4557
491,audio-1502218059-headset-491
4804,audio-1434530424-headset-4804
4600,audio-1499090087-4600
4601,audio-1490955088-headset-4601
2700,audio-1501408366-2700
5488,audio-1501752363-5488
1001,audio-1490371551-headset-1001
6517,audio-1502201185-6517
2896,audio-1490356160-headset-2896
5450,audio-1495376213-headset-5450
3464,audio-1502197364-3464
5906,audio-1434533135-headset-5906
421,audio-1499694236-421
6413,audio-1499267125-headset-6413
6957,audio-1497884808-headset-6957
2559,audio-1501768540-2559
2880,audio-1490192690-2880
7452,audio--1504195538-7452
4734,audio-1499697377-headset-4734
4156,audio-1501686891-4156
1742,audio-1434541832-headset-1742
1267,audio--1504198735-1267
5379,audio-1499362039-5379
3950,audio-1499694486-3950
1837,audio-1502309214-1837
886,audio-1502896226-headset-886
2868,audio-1490261505-2868
4556,audio-1494608891-headset-4556
3011,audio-1499690718-headset-3011
941,audio-1497886508-941
7322,audio-1490194432-7322
4703,audio-1490198348-headset-4703
1852,audio-1501753618-1852
3515,audio-1489155216-3515
4595,audio-1500978920-4595
5093,audio-1434538104-5093
5026,audio--1505404219-headset-5026
5529,audio-1501766811-5529
5264,audio-1495734028-headset-5264
4560,audio-1496265935-headset-4560
215,audio-1490198407-headset-215
7733,audio-1501778475-headset-7733
5388,audio-1501773443-5388
5680,audio-1501767417-5680
2190,audio-1497867563-headset-2190
6448,audio-1497866821-headset-6448
1477,audio-1502376454-headset-1477
2238,audio-1434542599-2238
5756,audio-1498573048-5756
2531,audio--1504192831-headset-2531
2783,audio-1501697841-headset-2783
2875,audio-1497868754-headset-2875
50,audio-1490356230-headset-50
6649,audio--1505405859-6649
1173,audio-1494606899-1173
4639,audio-1498566485-4639
5384,audio-1499697575-5384
3283,audio-1489497417-headset-3283
570,audio-1490105136-570
1162,audio-1499692773-1162
6144,audio-1490104507-headset-6144
251,audio-1498484053-251
751,audio-1502890780-751
4345,audio-1500387047-4345
1762,audio-1501695960-1762
3081,audio-1490201026-headset-3081
3439,audio-1494607589-3439
6304,audio-1490110773-6304
2792,audio-1498572201-2792
7530,audio--1505404143-7530
3031,audio-1501758369-headset-3031
2552,audio-1501688361-2552
5911,audio-1495376982-headset-5911
6446,audio-1490705843-headset-6446
4649,audio-1501692092-4649
4884,audio-1501692468-4884
695,audio-1498565823-headset-695
430,audio-1488983706-430
1274,audio-1497366317-1274
6025,audio-1502895507-6025
5061,audio-1490008220-headset-5061
407,audio--1504191369-407
5521,audio-1501685995-headset-5521
668,audio-1499090355-668
2229,audio-1489497860-headset-2229
3629,audio--1504195230-headset-3629
7552,audio-1501155147-7552
3473,audio-1500389023-3473
7064,audio-1502377205-7064
7128,audio-1501773014-headset-7128
6603,audio-1498486378-6603
3392,audio-1494421208-3392
2237,audio-1501778017-2237
1765,audio-1498645237-headset-1765
4197,audio--1504198425-headset-4197
932,audio-1490204158-headset-932
6532,audio-1499266637-headset-6532
7403,audio-1502101897-7403
908,audio-1500898526-headset-908
2320,audio-1495372247-headset-2320
5555,audio-1502893921-5555
5558,audio-1490182719-5558
4858,audio-1490961167-4858
7550,audio-1497436847-7550
4316,audio-1502376980-headset-4316
5465,audio-1501758702-headset-5465
2526,audio--1504193142-2526
6806,audio-1502894789-headset-6806
7069,audio-1502377614-headset-7069
3237,audio-1495378347-3237
4909,audio-1495733674-4909
448,audio-1490019354-headset-448
62,audio-1502376594-headset-62
1674,audio-1501774395-1674
2469,audio-1434535625-headset-2469
1730,audio-1489153699-1730
1124,audio-1500039822-headset-1124
2093,audio-1502300465-2093
2371,audio-1494418300-headset-2371
6290,audio--1504198757-headset-6290
7517,audio--1505405510-headset-7517
63,audio-1502376594-63
4074,audio-1434535687-headset-4074
3527,audio-1490703508-headset-3527
1439,audio--1504192489-1439
1058,audio-1490954738-headset-1058
3114,audio-1498485663-headset-3114
4362,audio--1506078480-headset-4362
5764,audio-1490195332-5764
6982,audio-1488984169-6982
4098,audio-1490200110-headset-4098
4577,audio-1490020904-headset-4577
5472,audio-1502300364-5472
2901,audio-1494547839-headset-2901
590,audio-1497439251-headset-590
3252,audio-1502376274-3252
346,audio-1502198889-headset-346
3573,audio-1501763734-headset-3573
153,audio-1502114235-153
6932,audio-1502215844-6932
637,audio-1490006223-637
2564,audio-1488986803-2564
7526,audio-1498646415-headset-7526
3516,audio-1502113775-headset-3516
4697,audio-1502300286-headset-4697
3313,audio-1494607257-headset-3313
5812,audio-1496265565-headset-5812
5244,audio-1488993380-5244
3421,audio-1490261792-headset-3421
6327,audio-1502374721-headset-6327
6325,audio-1490203606-headset-6325
3318,audio-1495733597-3318
170,audio-1498567843-headset-170
2660,audio-1501759034-2660
1407,audio-1498569392-headset-1407
5063,audio-1499089387-headset-5063
3769,audio-1502377835-3769
5649,audio-1501765013-5649
2964,audio--1504191411-headset-2964
6624,audio-1492779458-headset-6624
3577,audio-1498571706-3577
867,audio-1488623612-867
6859,audio-1492779332-headset-6859
3569,audio-1499267031-headset-3569
4824,audio-1501775866-4824
6629,audio-1500388626-headset-6629
4292,audio-1490110473-headset-4292
644,audio-1501756040-headset-644
6384,audio-1492779278-6384
2541,audio-1498567492-2541
2781,audio-1497622702-headset-2781
6862,audio-1494548685-6862
2728,audio-1499266368-headset-2728
1377,audio-1497437209-headset-1377
625,audio-1501415201-headset-625
4181,audio-1497882358-headset-4181
5187,audio-1494607541-5187
6785,audio-1497887640-headset-6785
6137,audio-1488549851-6137
4177,audio-1490798904-headset-4177
1588,audio-1497881557-1588
2862,audio-1498574207-headset-2862
7317,audio-1501692447-headset-7317
7492,audio-1502100559-7492
1209,audio-1495372151-1209
1935,audio-1498568118-1935
7378,audio-1498758315-headset-7378
1199,audio-1499089534-headset-1199
2096,audio-1502197973-headset-2096
1616,audio-1502374689-1616
1421,audio-1492784264-1421
4934,audio-1490110035-4934
7731,audio-1501694741-headset-7731
7815,audio-1488622064-7815
7591,audio-1490192812-7591
1451,audio-1501690461-1451
5144,audio-1494548333-5144
4047,audio-1497864640-headset-4047
3800,audio-1434532223-headset-3800
4618,audio-1497866160-headset-4618
6348,audio--1504197955-headset-6348
3677,audio-1497872216-3677
5579,audio-1502377599-5579
4624,audio-1434529870-headset-4624
5267,audio--1504190990-5267
5204,audio-1490262924-headset-5204
5116,audio-1501152009-5116
2647,audio-1501414606-2647
6964,audio--1505405325-6964
2589,audio-1502216433-headset-2589
1236,audio-1497883784-headset-1236
3602,audio-1502114658-3602
559,audio-1497884418-559
3841,audio-1490369278-3841
6651,audio-1501768297-6651
5172,audio-1490358908-5172
2480,audio--1504194197-2480
2250,audio-1494513217-headset-2250
4844,audio-1490103682-4844
460,audio-1490286400-headset-460
2883,audio-1502218179-headset-2883
6075,audio-1492779140-headset-6075
607,audio-1501764456-headset-607
7204,audio-1497871902-headset-7204
7039,audio-1502101217-headset-7039
6174,audio-1497861357-headset-6174
308,audio-1500037046-308
466,audio-1497556418-466
3020,audio-1501689985-3020
2351,audio-1494422850-2351
628,audio-1500036829-628
5281,audio-1497495664-5281
6313,audio-1490103730-headset-6313
6171,audio-1490193477-6171
4866,audio-1494548566-4866
4153,audio-1502894668-headset-4153
3149,audio-1490202252-headset-3149
3790,audio-1434532127-headset-3790
4754,audio-1490367134-4754
6215,audio-1501688601-6215
6951,audio-1501414202-headset-6951
3684,audio-1501691926-headset-3684
4683,audio-1497269632-4683
7010,audio-1497192547-7010
1542,audio-1501757591-1542
2633,audio-1501774381-headset-2633
4956,audio-1499090267-headset-4956
3896,audio--1504198407-3896
4107,audio-1498573689-headset-4107
7111,audio-1501690099-7111
506,audio-1490017655-headset-506
6729,audio-1434528868-headset-6729
847,audio-1490369766-headset-847
2813,audio-1498565685-2813
690,audio-1490109994-690
4133,audio-1497622025-4133
7613,audio-1500898125-headset-7613
1413,audio-1494607669-headset-1413
320,audio-1501753022-320
2029,audio-1502374746-headset-2029
5796,audio-1490109309-5796
6678,audio-1497884335-headset-6678
3599,audio-1501754143-3599
4293,audio-1490110473-4293
7504,audio-1434540486-headset-7504
4995,audio--1506520664-4995
1300,audio-1500979183-1300
2981,audio-1501697642-2981
3054,audio-1490184678-headset-3054
6543,audio-1501688104-6543
3173,audio-1501692554-headset-3173
3348,audio-1490371362-3348
2771,audio-1501752123-2771
5561,audio-1497024759-5561
4897,audio-1490356417-headset-4897
428,audio-1501691984-headset-428
5168,audio-1492781292-headset-5168
5302,audio-1502195930-headset-5302
2741,audio-1502101442-2741
539,audio-1502218750-539
6090,audio-1490108266-6090
774,audio-1498758038-headset-774
4570,audio-1501752485-4570
5557,audio-1490182719-headset-5557
3166,audio-1490019789-3166
2327,audio-1490008838-headset-2327
2064,audio-1490263196-headset-2064
5378,audio-1499361393-5378
4937,audio-1497880827-4937
1231,audio-1497884155-1231
6640,audio--1504192211-headset-6640
667,audio-1499090355-headset-667
4773,audio-1502101482-headset-4773
6509,audio-1501755904-6509
1158,audio-1499692178-headset-1158
2865,audio-1490183575-2865
7637,audio--1504194560-headset-7637
7819,audio-1501155409-headset-7819
5721,audio-1500418460-headset-5721
5424,audio-1490019592-headset-5424
3210,audio-1502195080-headset-3210
1056,audio-1490198476-1056
7456,audio-1490194340-headset-7456
7474,audio-1490021536-headset-7474
2536,audio--1504194310-2536
7153,audio-1501777772-7153
3085,audio-1498571149-headset-3085
5271,audio-1494547957-5271
2690,audio-1501751693-2690
1046,audio-1490293792-headset-1046
6638,audio-1499693115-6638
6845,audio--1504190572-headset-6845
5614,audio-1502891249-headset-5614
4312,audio-1499090631-4312
7209,audio-1498485590-7209
5292,audio-1499361303-5292
6265,audio-1501696201-6265
3468,audio-1490006083-3468
4165,audio-1490354870-4165
5936,audio-1497881681-headset-5936
149,audio-1489152738-149
2970,audio-1490020939-headset-2970
6351,audio--1505405841-6351
1476,audio-1502196256-1476
1754,audio-1501775315-headset-1754
2799,audio-1501751649-2799
3983,audio-1488559850-3983
1572,audio-1501758730-headset-1572
1855,audio-1496265062-headset-1855
1126,audio-1490289930-1126
1269,audio--1505405963-1269
632,audio--1504190625-632
6389,audio-1492782959-6389
828,audio-1497622259-headset-828
7734,audio-1501778475-7734
4421,audio-1497870072-4421
4313,audio-1498646978-headset-4313
309,audio-1490956453-headset-309
6008,audio-1501752238-6008
2758,audio-1501756857-2758
5062,audio-1490008220-5062
6597,audio-1488986047-6597
4892,audio-1501775452-4892
3086,audio-1498571149-3086
1263,audio--1504194599-1263
1329,audio-1501754151-1329
1481,audio-1501414595-headset-1481
5675,audio-1502892952-5675
5117,audio-1499694002-5117
1356,audio-1497438789-1356
3585,audio-1498578421-3585
6516,audio-1502201185-headset-6516
6662,audio-1502890281-6662
2984,audio-1497881782-2984
6319,audio-1501692500-headset-6319
1945,audio-1502376028-1945
3638,audio-1490287242-headset-3638
5001,audio-1501777916-headset-5001
7469,audio-1501757238-7469
7278,audio-1490198991-headset-7278
1916,audio-1502199063-headset-1916
4374,audio-1490287353-headset-4374
7124,audio-1502195383-headset-7124
2535,audio--1504194310-headset-2535
3842,audio-1497621094-headset-3842
1589,audio-1500037209-headset-1589
3013,audio-1498565109-headset-3013
5556,audio-1488993122-5556
4672,audio-1501753428-headset-4672
3609,audio-1501766821-headset-3609
7797,audio-1489153119-7797
7441,audio-1490007430-7441
3128,audio-1502894512-3128
7534,audio--1504197771-headset-7534
4320,audio-1499265283-headset-4320
3429,audio-1501775422-3429
1327,audio-1500980567-headset-1327
1635,audio-1501768549-1635
4953,audio-1502890965-headset-4953
7112,audio-1502376163-headset-7112
6401,audio-1502892763-6401
427,audio-1498570645-427
5252,audio-1502309688-headset-5252
3936,audio-1490370651-3936
3040,audio-1501685755-3040
4542,audio-1492783193-headset-4542
6797,audio--1505406540-headset-6797
4226,audio-1490199809-4226
1021,audio-1434544033-1021
2335,audio-1501776136-headset-2335
7043,audio-1501765255-7043
1313,audio-1498572399-headset-1313
2234,audio-1502195035-headset-2234
3680,audio-1501768621-headset-3680
4205,audio-1488987944-4205
7200,audio-1490354541-headset-7200
3583,audio-1434533488-headset-3583
6032,audio-1498566673-headset-6032
1818,audio-1495376966-headset-1818
3695,audio-1490105718-3695
2863,audio-1498574207-2863
218,audio-1502896489-headset-218
6256,audio-1501765713-headset-6256
436,audio-1434541762-436
3247,audio-1501156980-headset-3247
4112,audio--1504192704-headset-4112
7730,audio-1501415356-7730
1931,audio-1490204429-headset-1931
3163,audio-1492783616-3163
6927,audio--1505405829-headset-6927
3071,audio-1501407051-3071
1839,audio-1497868911-1839
230,audio-1502302399-headset-230
2610,audio-1501691016-headset-2610
7911,audio-1498568133-7911
5324,audio-1497268214-5324
2746,audio-1501772388-headset-2746
1196,audio-1494608821-1196
1127,audio-1501698605-headset-1127
7302,audio--1505407159-headset-7302
7236,audio-1434536931-7236
3870,audio-1501758853-headset-3870
1136,audio-1502113872-1136
6992,audio-1502101027-headset-6992
3674,audio-1498167283-3674
5040,audio-1490357449-headset-5040
43,audio-1499693628-headset-43
649,audio-1500899005-649
155,audio-1490370281-headset-155
6083,audio-1434529088-headset-6083
1766,audio-1499267431-headset-1766
1224,audio-1501172708-headset-1224
4495,audio-1501685595-headset-4495
6589,audio-1499266184-headset-6589
4323,audio-1502218054-4323
3467,audio-1490006083-headset-3467
910,audio-1501775206-headset-910
6722,audio-1502895872-6722
1946,audio-1490368380-headset-1946
2467,audio-1501756842-headset-2467
998,audio-1490194460-998
391,audio-1502375638-headset-391
1953,audio-1498571841-1953
7219,audio-1497881086-7219
6404,audio-1488975246-6404
5102,audio-1500899673-headset-5102
3744,audio--1504197881-headset-3744
514,audio-1490103360-headset-514
5996,audio-1501686937-5996
4094,audio-1499698061-4094
6820,audio-1490263429-headset-6820
4391,audio-1490183473-4391
134,audio-1498573505-134
5176,audio-1492785405-5176
4221,audio-1502098863-headset-4221
4710,audio-1498569713-4710
1981,audio--1504194339-1981
1176,audio-1501772946-headset-1176
2386,audio-1498571471-2386
5951,audio-1494512525-5951
12,audio-1490105767-headset-12
5036,audio-1502200351-headset-5036
2890,audio-1501754417-2890
1970,audio-1495378572-1970
4674,audio-1502894981-headset-4674
3412,audio-1497866427-3412
1534,audio-1500388972-headset-1534
5442,audio-1490203165-headset-5442
5474,audio-1490357250-headset-5474
7132,audio-1501686350-headset-7132
4288,audio-1499088246-headset-4288
2954,audio-1502198073-2954
554,audio-1489504322-554
6184,audio-1501756985-headset-6184
4457,audio-1495370999-headset-4457
5873,audio-1490018959-5873
5760,audio--1504195533-5760
4539,audio-1488637186-4539
7003,audio-1490365732-7003
7592,audio-1501686873-headset-7592
3851,audio-1501775528-headset-3851
356,audio-1490182133-headset-356
7866,audio-1497270676-headset-7866
3169,audio-1502891440-headset-3169
3058,audio-1488984701-3058
2077,audio-1502112981-2077
133,audio-1498573505-headset-133
2925,audio-1499688901-2925
553,audio-1501752075-553
2824,audio-1497862425-2824
1975,audio-1499691643-headset-1975
5382,audio-1495372067-5382
7833,audio--1504191289-7833
849,audio-1497886672-headset-849
4766,audio--1506079241-headset-4766
6531,audio-1499265872-6531
7158,audio-1499360716-7158
7286,audio-1497865357-7286
6369,audio-1501752617-6369
4472,audio-1495378669-headset-4472
6484,audio-1490202074-headset-6484
7648,audio-1494417851-7648
6432,audio-1489152607-6432
7835,audio-1501691380-7835
3920,audio-1501690377-3920
5175,audio-1492785405-headset-5175
1493,audio-1502376303-headset-1493
1104,audio-1490202025-1104
516,audio-1497872829-headset-516
3749,audio-1492780234-3749
302,audio-1502890902-302
6444,audio-1502375234-6444
1651,audio-1498571424-1651
358,audio-1488982882-358
7337,audio-1497438854-headset-7337
343,audio-1490199637-headset-343
2585,audio-1501150880-2585
2540,audio-1498567492-headset-2540
7214,audio-1501752852-headset-7214
3262,audio-1495378364-3262
4448,audio-1497556937-headset-4448
3878,audio-1501753240-3878
2075,audio-1490368959-headset-2075
299,audio-1501688946-headset-299
5299,audio-1501158123-5299
6881,audio-1501690837-6881
2343,audio-1497191771-2343
2924,audio-1499688901-headset-2924
6831,audio-1497865023-headset-6831
5371,audio-1502377594-headset-5371
6500,audio-1488983452-6500
6047,audio--1505405690-6047
1019,audio-1501773170-headset-1019
3014,audio-1498565109-3014
3579,audio-1434529698-headset-3579
3276,audio-1502892921-3276
5883,audio-1501694608-5883
3167,audio-1501152756-headset-3167
2777,audio-1502101248-headset-2777
1530,audio-1490262160-headset-1530
4064,audio-1490200796-headset-4064
4075,audio-1434535687-4075
6239,audio-1497269653-headset-6239
4253,audio-1497881735-4253
2184,audio-1499689603-headset-2184
676,audio-1495370055-headset-676
3477,audio-1501751396-3477
7560,audio-1498570719-7560
5971,audio-1492780117-5971
4935,audio-1497025512-headset-4935
1478,audio-1502376454-1478
4468,audio-1494512463-headset-4468
2406,audio-1501758154-2406
2631,audio-1502199407-headset-2631
5708,audio-1501687038-5708
655,audio--1504197965-655
2686,audio-1434534997-2686
5414,audio-1434541952-5414
2421,audio-1490199347-headset-2421
2510,audio-1502374760-2510
7141,audio-1497886921-7141
4936,audio-1497880827-headset-4936
3490,audio-1501753346-headset-3490
1365,audio-1490193091-1365
3636,audio--1504198106-3636
2879,audio-1490192690-headset-2879
3662,audio-1497866816-3662
5958,audio-1490199634-5958
2888,audio-1490107231-2888
7178,audio-1501687757-7178
3563,audio-1502102043-headset-3563
7123,audio-1434533567-7123
6602,audio-1498486378-headset-6602
469,audio-1498646399-headset-469
6733,audio--1504194431-6733
5498,audio-1499090342-5498
5222,audio-1497437055-headset-5222
3327,audio-1502894847-3327
2976,audio-1498571132-headset-2976
4203,audio-1490006561-headset-4203
7782,audio-1502893957-headset-7782
6163,audio-1490283338-headset-6163
1169,audio-1501694838-headset-1169
4977,audio-1502311610-headset-4977
6595,audio-1497616359-headset-6595
285,audio-1497869543-headset-285
6503,audio-1497883497-headset-6503
550,audio-1494418766-headset-550
1933,audio-1488993595-1933
5285,audio-1501157834-5285
3000,audio-1502199710-headset-3000
2966,audio--1505405413-headset-2966
3136,audio-1494512809-3136
7820,audio-1501155409-7820
265,audio-1495734456-265
5848,audio-1501687266-5848
1256,audio-1495735194-headset-1256
3685,audio-1501691926-3685
3038,audio-1501771774-headset-3038
3047,audio-1495372346-headset-3047
5530,audio-1498483106-headset-5530
629,audio-1502894266-headset-629
4701,audio-1502099549-headset-4701
5676,audio-1497029232-5676
4337,audio-1498565024-headset-4337
3006,audio--1504197590-3006
3260,audio-1497367328-3260
2575,audio-1497887117-2575
5321,audio-1501752379-5321
2283,audio-1501151326-2283
7380,audio-1502198834-headset-7380
6577,audio-1502101974-6577
212,audio-1502377089-212
1524,audio-1490193509-headset-1524
4088,audio-1490355287-headset-4088
4241,audio-1499693864-4241
3170,audio-1502891440-3170
6091,audio-1501776349-headset-6091
964,audio-1489674200-964
2144,audio-1499088835-2144
2132,audio--1505324836-2132
3655,audio-1501753185-3655
1757,audio-1502111825-headset-1757
5012,audio-1500037189-5012
2339,audio-1490201269-headset-2339
4023,audio-1495369348-headset-4023
1639,audio-1490800878-1639
1004,audio-1492779207-headset-1004
6269,audio-1490019954-headset-6269
6780,audio-1489152623-6780
3703,audio-1501753256-3703
1414,audio-1494607669-1414
3646,audio-1498485352-3646
719,audio-1501691897-719
2618,audio-1501151909-2618
2846,audio-1498567173-2846
531,audio-1501687192-headset-531
4505,audio--1505406003-4505
7542,audio-1501152102-headset-7542
2378,audio-1502217019-2378
7811,audio-1490181780-7811
1290,audio-1501406713-headset-1290
5224,audio-1502894645-headset-5224
1426,audio-1434540022-headset-1426
2961,audio-1488622107-2961
4167,audio-1497030290-4167
7014,audio-1501689914-headset-7014
6592,audio-1490202788-6592
1646,audio-1490007786-headset-1646
1137,audio-1501774227-headset-1137
7368,audio-1501693889-headset-7368
5897,audio-1498567362-headset-5897
6054,audio-1488633987-6054
6814,audio-1498569896-headset-6814
4538,audio-1502891950-4538
4688,audio-1501693805-4688
3022,audio-1502101492-3022
7053,audio-1497869161-headset-7053
7410,audio-1498567807-headset-7410
1063,audio-1499696852-headset-1063
5013,audio-1498569813-headset-5013
706,audio-1502896200-headset-706
6148,audio-1501764766-headset-6148
7260,audio-1490286438-7260
6234,audio-1494549021-headset-6234
6792,audio-1502891400-6792
4306,audio--1505405020-headset-4306
5742,audio-1501758315-5742
3354,audio-1497029566-headset-3354
4709,audio-1498569713-headset-4709
604,audio-1501757915-604
1026,audio-1500038268-1026
2597,audio-1499360982-2597
5262,audio-1497368349-5262
5872,audio-1490018959-headset-5872
7136,audio-1501753500-headset-7136
7099,audio-1501766349-headset-7099
4238,audio-1490705230-headset-4238
2822,audio-1489671885-2822
7695,audio-1497270037-7695
6126,audio-1502099269-6126
5241,audio-1499245936-5241
4815,audio--1504192976-headset-4815
1490,audio-1501752784-1490
1057,audio-1501756291-1057
3544,audio-1498565116-3544
5834,audio-1498570608-headset-5834
453,audio-1497887484-453
1017,audio-1501693626-1017
4244,audio-1494548162-headset-4244
6930,audio--1505407102-6930
6685,audio-1502891045-headset-6685
7566,audio-1498564501-headset-7566
1326,audio-1501778448-1326
2643,audio-1490954789-2643
1847,audio-1502374787-1847
2834,audio--1506521761-2834
4250,audio-1497861880-headset-4250
2326,audio-1497886424-2326
5547,audio-1488552227-5547
2052,audio-1489672879-2052
1608,audio-1497887741-headset-1608
5202,audio-1501772739-headset-5202
6583,audio-1497368716-6583
6383,audio-1492779278-headset-6383
1025,audio-1501158338-1025
6981,audio-1490182119-6981
7438,audio-1490198924-headset-7438
5033,audio-1495370071-5033
4370,audio-1502302378-4370
7409,audio-1501775499-7409
4117,audio--1505407620-4117
7757,audio-1497864237-headset-7757
1381,audio-1502200738-headset-1381
7047,audio-1498757592-7047
7304,audio-1489152815-7304
5750,audio-1497880264-5750
1402,audio-1501758251-headset-1402
5115,audio-1501152009-headset-5115
4957,audio-1499090267-4957
2765,audio--1505323857-2765
4617,audio-1490202096-4617
337,audio-1502216994-337
232,audio-1497270070-headset-232
6738,audio-1498571245-headset-6738
5987,audio-1502199173-headset-5987
5254,audio-1498578978-5254
4724,audio-1502890917-4724
2168,audio-1434535091-2168
5334,audio-1497622084-5334
1726,audio-1501408194-headset-1726
4686,audio-1489504114-4686
5629,audio-1495376701-headset-5629
5939,audio-1499692212-5939
5650,audio-1498485090-headset-5650
248,audio-1490357508-headset-248
4079,audio-1501688321-headset-4079
5137,audio-1502195883-headset-5137
7400,audio-1502309613-headset-7400
2372,audio-1494418300-2372
5258,audio-1495377833-5258
7011,audio-1502218254-headset-7011
3956,audio-1502308456-headset-3956
7955,audio-1495734598-headset-7955
7241,audio-1498485303-headset-7241
2436,audio-1501772191-2436
6118,audio-1497864171-6118
597,audio-1501688184-597
490,audio-1499693974-490
6410,audio-1492779642-6410
3601,audio-1502114658-headset-3601
3404,audio-1497861256-3404
6826,audio-1501687507-6826
3804,audio-1495371837-3804
1671,audio-1490008284-headset-1671
7756,audio-1501765469-7756
7231,audio-1488989319-7231
7840,audio-1501156381-headset-7840
6111,audio-1502195974-headset-6111
2615,audio-1498572820-2615
2829,audio-1490195239-headset-2829
6460,audio-1492780898-6460
7428,audio-1501756234-headset-7428
6247,audio-1501758119-6247
4218,audio-1434543500-4218
5477,audio-1501687682-5477
869,audio-1488561845-869
2614,audio-1498572820-headset-2614
1980,audio--1504194339-headset-1980
3821,audio--1505323989-3821
1003,audio-1499360806-1003
2191,audio-1497867563-2191
3683,audio-1490282115-3683
7667,audio-1498564709-7667
1154,audio-1490195073-1154
793,audio-1502217339-headset-793
6222,audio-1494548978-headset-6222
2377,audio-1502217019-headset-2377
3146,audio-1502895543-headset-3146
5041,audio-1490357449-5041
3425,audio-1490203382-headset-3425
6769,audio--1504193307-6769
1308,audio-1494421835-headset-1308
2682,audio-1497555556-2682
4732,audio-1494419946-4732
2561,audio-1434532699-2561
7548,audio-1501768110-7548
1305,audio-1490106450-1305
4081,audio--1506521565-4081
4216,audio-1498486411-4216
3824,audio-1497023754-3824
4085,audio-1434532541-4085
2527,audio--1504194803-headset-2527
7617,audio-1495370936-headset-7617
189,audio-1494421291-189
737,audio-1489673049-headset-737
3221,audio-1500035117-3221
7431,audio-1502101684-7431
7490,audio-1501692234-7490
6426,audio-1502309807-6426
6030,audio-1494513109-headset-6030
4778,audio-1490291856-4778
5632,audio-1499266334-headset-5632
398,audio-1494548348-headset-398
6281,audio-1498567778-6281
2304,audio-1498573240-2304
4054,audio-1502891065-headset-4054
4894,audio-1497449523-4894
7339,audio-1501753520-headset-7339
7119,audio-1501758993-7119
4396,audio-1490356430-headset-4396
6382,audio-1499246928-6382
880,audio-1490367390-headset-880
3530,audio-1490202749-3530
1097,audio-1501753683-1097
6310,audio-1499360495-6310
6314,audio-1490103730-6314
3303,audio-1497029513-headset-3303
7319,audio-1490705513-headset-7319
370,audio-1498572936-headset-370
3281,audio-1501768838-headset-3281
419,audio-1490283148-419
4671,audio-1498568915-4671
4602,audio-1490955088-4602
1594,audio-1498485158-1594
2969,audio--1505406999-2969
7444,audio-1502216607-headset-7444
6690,audio--1504191460-6690
7207,audio-1497865219-7207
3164,audio-1489151693-3164
4130,audio-1498566831-headset-4130
3689,audio-1502201262-3689
4504,audio--1504198635-4504
6250,audio-1490355935-headset-6250
6483,audio-1502376368-6483
5005,audio-1488552117-5005
973,audio--1504190862-973
1054,audio-1497869907-1054
7906,audio-1488536771-7906
3226,audio-1502200910-headset-3226
3057,audio-1490192671-3057
5727,audio-1498571943-5727
4569,audio-1501752485-headset-4569
2995,audio-1497438183-2995
1181,audio-1501752151-1181
1630,audio-1496937888-headset-1630
5545,audio-1488975959-5545
4170,audio-1498577572-4170
3288,audio-1499265084-headset-3288
4096,audio-1502311454-headset-4096
6658,audio-1502194952-headset-6658
6277,audio-1492782886-headset-6277
318,audio-1502377176-headset-318
1122,audio-1501767306-headset-1122
5922,audio-1490281860-headset-5922
3880,audio-1502194865-3880
4254,audio-1501408361-headset-4254
6866,audio-1434532510-headset-6866
6701,audio-1497268778-headset-6701
6916,audio--1504198082-headset-6916
4223,audio-1502201110-headset-4223
6278,audio-1492782886-6278
5538,audio-1499090503-headset-5538
5022,audio-1502200095-headset-5022
2609,audio-1502299614-2609
7366,audio-1497271763-headset-7366
3219,audio-1499693888-3219
5050,audio-1490020532-5050
2451,audio-1490103759-headset-2451
6176,audio-1497881542-headset-6176
6899,audio-1434544325-6899
4155,audio-1501686891-headset-4155
4175,audio-1492780923-headset-4175
4360,audio-1502100588-headset-4360
4012,audio--1504197984-4012
4611,audio-1498568032-headset-4611
2455,audio-1434539836-headset-2455
3890,audio-1501767923-3890
136,audio-1499088163-headset-136
3017,audio-1501753476-headset-3017
2713,audio-1501155585-headset-2713
897,audio-1488633495-897
5362,audio-1501754167-5362
7506,audio-1490358988-headset-7506
2520,audio-1502200919-2520
5154,audio-1488975942-5154
5693,audio--1504190714-5693
4889,audio--1505406039-headset-4889
3887,audio-1490367408-headset-3887
7496,audio-1501686086-7496
4738,audio-1497868699-headset-4738
4731,audio-1494419946-headset-4731
7329,audio-1498564761-7329
6933,audio-1502217415-headset-6933
7796,audio-1501765304-7796
3935,audio-1490370651-headset-3935
1396,audio-1492779883-headset-1396
4294,audio-1502302239-headset-4294
5152,audio-1494422130-headset-5152
6428,audio--1504198347-headset-6428
7297,audio-1502101829-7297
1210,audio-1500980266-headset-1210
1984,audio-1492779247-headset-1984
258,audio-1495376707-headset-258
4690,audio--1504192812-4690
6200,audio-1502196155-headset-6200
1562,audio-1494512284-headset-1562
5666,audio-1490362133-5666
3612,audio--1506078034-headset-3612
7295,audio-1501692206-7295
3430,audio-1499265190-headset-3430
1240,audio-1434541155-1240
3382,audio-1494422579-headset-3382
1670,audio-1490006789-1670
3361,audio-1502376487-headset-3361
6333,audio-1497884652-6333
5009,audio-1499265771-5009
3863,audio-1501752923-headset-3863
7097,audio-1498572883-headset-7097
1131,audio-1499691637-headset-1131
4249,audio-1434540147-4249
1698,audio-1502199513-headset-1698
7407,audio-1502114385-7407
6896,audio-1488993679-6896
3918,audio-1501407971-3918
4304,audio-1502893665-headset-4304
5751,audio-1502462045-headset-5751
2570,audio-1494416985-2570
1418,audio-1501756508-headset-1418
3765,audio-1490262052-headset-3765
4367,audio-1500036074-headset-4367
2804,audio-1497264632-headset-2804
4475,audio-1501754457-4475
7622,audio-1494416182-7622
2165,audio-1502199660-headset-2165
6289,audio--1504198024-6289
7583,audio-1502201080-headset-7583
7882,audio-1502101334-7882
2019,audio--1504191116-headset-2019
2285,audio-1494607536-2285
6767,audio--1504192738-6767
6541,audio-1497556294-6541
1842,audio-1495733293-headset-1842
2438,audio-1501775372-2438
2367,audio-1434529993-headset-2367
5173,audio-1502217021-headset-5173
4005,audio--1504194404-headset-4005
6046,audio--1505405690-headset-6046
3930,audio-1501777666-3930
2857,audio-1502308809-headset-2857
4591,audio-1434531166-headset-4591
2240,audio-1502374812-2240
2357,audio-1502374631-2357
6744,audio-1490286520-headset-6744
5950,audio-1494512525-headset-5950
4449,audio-1497556937-4449
3110,audio-1501692183-headset-3110
6312,audio-1501157013-6312
5998,audio-1497879444-headset-5998
5907,audio-1434533135-5907
2379,audio-1501773487-headset-2379
344,audio-1490199637-344
7445,audio-1502216607-7445
647,audio-1501752547-647
2837,audio-1501696367-headset-2837
3623,audio-1500899973-3623
2100,audio-1501693937-headset-2100
3924,audio-1490005941-3924
7105,audio-1500035190-7105
1655,audio-1498565182-headset-1655
6534,audio-1495377558-headset-6534
2221,audio-1488974675-2221
4604,audio-1501697335-4604
7117,audio-1502896553-headset-7117
5978,audio-1501754549-5978
894,audio-1488551992-894
6252,audio-1434534466-headset-6252
4807,audio-1497439634-headset-4807
7168,audio-1499266079-7168
1986,audio-1490371761-headset-1986
415,audio-1500388509-headset-415
7533,audio--1504192513-7533
6320,audio-1501692500-6320
7872,audio-1498570316-headset-7872
6673,audio-1497619657-6673
820,audio-1500979692-headset-820
6612,audio-1501685939-headset-6612
2705,audio-1500979376-headset-2705
3869,audio-1501692394-headset-3869
6713,audio-1490371445-headset-6713
5765,audio--1504190816-headset-5765
42,audio-1490289758-42
7581,audio-1502113042-headset-7581
1293,audio-1497862840-1293
3333,audio-1501753156-3333
5847,audio-1498572472-5847
3911,audio-1501697236-3911
7005,audio-1494606863-7005
2353,audio-1495369359-2353
5541,audio-1501694744-5541
2338,audio-1502377772-2338
484,audio-1498485282-484
732,audio-1490008615-732
6063,audio-1499088159-6063
6422,audio-1498573482-6422
4383,audio--1505406542-4383
305,audio-1502376209-305
5592,audio-1500036934-headset-5592
3423,audio-1497872872-headset-3423
7169,audio-1488992754-7169
297,audio-1501696441-headset-297
5959,audio-1434538601-headset-5959
6632,audio-1497620875-6632
1526,audio-1497268202-headset-1526
5945,audio-1490958040-headset-5945
306,audio-1498563767-headset-306
75,audio-1490967578-headset-75
7737,audio-1490021745-7737
4652,audio-1490198136-headset-4652
7285,audio-1497865357-headset-7285
879,audio-1497437248-headset-879
2744,audio-1494549010-headset-2744
2331,audio-1497860248-2331
3722,audio-1489672370-headset-3722
7465,audio-1499088600-headset-7465
4295,audio-1502302239-4295
4046,audio-1497557532-4046
1099,audio-1499692861-1099
6056,audio-1501765094-headset-6056
7773,audio-1497861401-7773
7066,audio-1495369615-7066
1579,audio-1489497766-headset-1579
922,audio--1505324016-headset-922
2708,audio-1499696057-headset-2708
5229,audio-1498759052-headset-5229
3759,audio-1490184000-headset-3759
2107,audio-1497268017-headset-2107
1525,audio-1490193509-1525
6811,audio-1490195814-headset-6811
2761,audio-1490357064-headset-2761
2416,audio-1490704220-2416
4651,audio-1502113190-4651
7325,audio-1501686464-headset-7325
1437,audio--1504192382-1437
5004,audio-1502377083-5004
3321,audio-1502897050-headset-3321
7408,audio-1501775499-headset-7408
5640,audio-1502100363-headset-5640
5232,audio-1499697130-5232
710,audio-1499694282-710
7276,audio-1502309682-headset-7276
781,audio-1501764841-781
1513,audio-1490019941-headset-1513
1151,audio-1502377515-headset-1151
5098,audio-1490262635-5098
2650,audio-1498571892-headset-2650
7349,audio-1502099674-headset-7349
55,audio-1502199775-55
7502,audio-1498485762-headset-7502
6559,audio-1490287356-headset-6559
1929,audio-1498565442-headset-1929
3659,audio-1497360087-3659
6599,audio-1497622341-6599
6586,audio-1501688280-headset-6586
2473,audio-1498565688-headset-2473
7396,audio-1495734205-headset-7396
4693,audio--1504194259-headset-4693
93,audio-1502216490-headset-93
2142,audio-1490706286-2142
2945,audio-1501751822-headset-2945
5909,audio-1502309218-headset-5909
508,audio-1501776833-headset-508
968,audio-1490106425-968
3812,audio-1490184007-3812
2513,audio-1490359469-headset-2513
5312,audio-1497882948-headset-5312
5049,audio-1490020532-headset-5049
4116,audio--1505407620-headset-4116
2547,audio-1489498486-2547
961,audio-1502375935-961
5054,audio-1490110715-5054
3010,audio-1497025499-3010
1809,audio-1497558565-1809
1795,audio-1494420772-1795
1094,audio-1490289448-headset-1094
3917,audio-1501407971-headset-3917
1254,audio-1494512572-headset-1254
7559,audio-1498570719-headset-7559
4962,audio-1490109011-headset-4962
3060,audio-1498758973-3060
7871,audio-1501778156-7871
6956,audio--1505407208-6956
3857,audio-1492784176-headset-3857
6270,audio-1490019954-6270
1789,audio-1498569240-headset-1789
2027,audio-1501691831-headset-2027
4880,audio-1501754031-4880
7021,audio-1501751633-7021
7654,audio-1490287686-7654
5386,audio-1502197492-5386
4326,audio-1502195052-headset-4326
6608,audio-1497882400-6608
639,audio-1497271364-639
4621,audio--1504193293-4621
919,audio-1500035127-headset-919
505,audio-1501777782-505
4486,audio-1498573567-4486
5297,audio-1498565608-5297
1656,audio-1498565182-1656
4691,audio--1504198228-headset-4691
5284,audio-1501157834-headset-5284
1227,audio-1502894050-headset-1227
6331,audio-1488970325-6331
5975,audio-1501757846-headset-5975
4262,audio-1490291496-4262
7227,audio-1502300328-7227
952,audio-1490289399-952
1682,audio-1489151744-1682
6424,audio-1499087846-6424
4004,audio--1504193148-4004
7789,audio-1498566182-7789
4180,audio-1497869077-4180
3649,audio-1498569267-headset-3649
455,audio-1501692005-455
7867,audio-1497270676-7867
1080,audio-1502377438-1080
6177,audio-1497881542-6177
6340,audio-1502198990-headset-6340
6400,audio-1502892763-headset-6400
4619,audio-1497866160-4619
472,audio-1502112826-472
5963,audio-1501689852-headset-5963
3787,audio-1490354440-headset-3787
2524,audio--1504193140-2524
